{
  event = "msg_showcmd",
  kind = { { 0, "k", 0 } }
}
{
  event = "msg_showcmd",
  kind = {}
}
{
  event = "msg_showcmd",
  kind = { { 0, "k", 0 } }
}
{
  event = "msg_showcmd",
  kind = {}
}
{ false,
  event = "cmdline_hide",
  kind = 1
}
{
  event = "msg_clear"
}
{ false,
  event = "cmdline_hide",
  kind = 1
}
{
  event = "msg_showcmd",
  kind = { { 0, "j", 0 } }
}
{
  event = "msg_showcmd",
  kind = {}
}
{
  event = "msg_showcmd",
  kind = { { 0, "j", 0 } }
}
{
  event = "msg_showcmd",
  kind = {}
}
{
  event = "msg_showcmd",
  kind = { { 0, "j", 0 } }
}
{
  event = "msg_showcmd",
  kind = {}
}
{ false,
  event = "cmdline_hide",
  kind = 1
}
{ false,
  event = "cmdline_hide",
  kind = 1
}
{ false,
  event = "cmdline_hide",
  kind = 1
}
{ false,
  event = "cmdline_hide",
  kind = 1
}
{ false,
  event = "cmdline_hide",
  kind = 1
}
{ false,
  event = "cmdline_hide",
  kind = 1
}
{ false,
  event = "cmdline_hide",
  kind = 1
}
{
  event = "msg_showcmd",
  kind = { { 0, ":", 0 } }
}
{ 0, ":", "", 0, 1, 0,
  event = "cmdline_show",
  kind = { { 0, "" } }
}
{ 1, ":", "", 0, 1, 0,
  event = "cmdline_show",
  kind = { { 0, "N" } }
}
{ 2, ":", "", 0, 1, 0,
  event = "cmdline_show",
  kind = { { 0, "No" } }
}
{ 3, ":", "", 0, 1, 0,
  event = "cmdline_show",
  kind = { { 0, "Noi" } }
}
{ 4, ":", "", 0, 1, 0,
  event = "cmdline_show",
  kind = { { 0, "Noic" } }
}
{ 5, ":", "", 0, 1, 0,
  event = "cmdline_show",
  kind = { { 0, "Noice" } }
}
{ -1, 0, 0, -1,
  event = "popupmenu_show",
  kind = { { "Noice", "", "", "" }, { "NoiceAll", "", "", "" }, { "NoiceConfig", "", "", "" }, { "NoiceDebug", "", "", "" }, { "NoiceDisable", "", "", "" }, { "NoiceDismiss", "", "", "" }, { "NoiceEnable", "", "", "" }, { "NoiceErrors", "", "", "" }, { "NoiceFzf", "", "", "" }, { "NoiceHistory", "", "", "" }, { "NoiceLast", "", "", "" }, { "NoiceLog", "", "", "" }, { "NoicePick", "", "", "" }, { "NoiceRoutes", "", "", "" }, { "NoiceSnacks", "", "", "" }, { "NoiceStats", "", "", "" }, { "NoiceTelescope", "", "", "" }, { "NoiceViewstats", "", "", "" } }
}
{ 5, ":", "", 0, 1, 0,
  event = "cmdline_show",
  kind = { { 0, "Noice" } }
}
{
  event = "popupmenu_select",
  kind = 0
}
{ 5, ":", "", 0, 1, 0,
  event = "cmdline_show",
  kind = { { 0, "Noice" } }
}
{ 5, ":", "", 0, 1, 0,
  event = "cmdline_show",
  kind = { { 0, "Noice" } }
}
{
  event = "popupmenu_select",
  kind = 1
}
{ 8, ":", "", 0, 1, 0,
  event = "cmdline_show",
  kind = { { 0, "NoiceAll" } }
}
{
  event = "popupmenu_select",
  kind = 2
}
{ 11, ":", "", 0, 1, 0,
  event = "cmdline_show",
  kind = { { 0, "NoiceConfig" } }
}
{
  event = "popupmenu_select",
  kind = 3
}
{ 10, ":", "", 0, 1, 0,
  event = "cmdline_show",
  kind = { { 0, "NoiceDebug" } }
}
{
  event = "popupmenu_select",
  kind = 4
}
{ 12, ":", "", 0, 1, 0,
  event = "cmdline_show",
  kind = { { 0, "NoiceDisable" } }
}
{
  event = "popupmenu_select",
  kind = 5
}
{ 12, ":", "", 0, 1, 0,
  event = "cmdline_show",
  kind = { { 0, "NoiceDismiss" } }
}
{
  event = "popupmenu_select",
  kind = 6
}
{ 11, ":", "", 0, 1, 0,
  event = "cmdline_show",
  kind = { { 0, "NoiceEnable" } }
}
{
  event = "popupmenu_select",
  kind = 7
}
{ 11, ":", "", 0, 1, 0,
  event = "cmdline_show",
  kind = { { 0, "NoiceErrors" } }
}
{
  event = "popupmenu_select",
  kind = 8
}
{ 8, ":", "", 0, 1, 0,
  event = "cmdline_show",
  kind = { { 0, "NoiceFzf" } }
}
{
  event = "popupmenu_select",
  kind = 9
}
{ 12, ":", "", 0, 1, 0,
  event = "cmdline_show",
  kind = { { 0, "NoiceHistory" } }
}
{
  event = "popupmenu_hide"
}
{ false,
  event = "cmdline_hide",
  kind = 1
}
{
  event = "msg_showcmd",
  kind = {}
}
{
  event = "msg_showcmd",
  kind = { { 0, "j", 0 } }
}
{
  event = "msg_showcmd",
  kind = {}
}
{
  event = "msg_showcmd",
  kind = { { 0, "j", 0 } }
}
{
  event = "msg_showcmd",
  kind = {}
}
{
  event = "msg_showcmd",
  kind = { { 0, "j", 0 } }
}
{
  event = "msg_showcmd",
  kind = {}
}
{
  event = "msg_showcmd",
  kind = { { 0, "j", 0 } }
}
{
  event = "msg_showcmd",
  kind = {}
}
{
  event = "msg_showcmd",
  kind = { { 0, "k", 0 } }
}
{
  event = "msg_showcmd",
  kind = {}
}
{
  event = "msg_showcmd",
  kind = { { 0, "k", 0 } }
}
{
  event = "msg_showcmd",
  kind = {}
}
{
  event = "msg_showcmd",
  kind = { { 0, "k", 0 } }
}
{
  event = "msg_showcmd",
  kind = {}
}
{
  event = "msg_showcmd",
  kind = { { 0, "j", 0 } }
}
{
  event = "msg_showcmd",
  kind = {}
}
{
  event = "msg_showcmd",
  kind = { { 0, "j", 0 } }
}
{
  event = "msg_showcmd",
  kind = {}
}
{
  event = "msg_showcmd",
  kind = { { 0, "j", 0 } }
}
{
  event = "msg_showcmd",
  kind = {}
}
{
  event = "msg_showcmd",
  kind = { { 0, "j", 0 } }
}
{
  event = "msg_showcmd",
  kind = {}
}
{
  event = "msg_showcmd",
  kind = { { 0, "j", 0 } }
}
{
  event = "msg_showcmd",
  kind = {}
}
{
  event = "msg_showcmd",
  kind = { { 0, "j", 0 } }
}
{
  event = "msg_showcmd",
  kind = {}
}
{
  event = "msg_showcmd",
  kind = { { 0, "j", 0 } }
}
{
  event = "msg_showcmd",
  kind = {}
}
{
  event = "msg_showcmd",
  kind = { { 0, "j", 0 } }
}
{
  event = "msg_showcmd",
  kind = {}
}
{
  event = "msg_showcmd",
  kind = { { 0, "j", 0 } }
}
{
  event = "msg_showcmd",
  kind = {}
}
{
  event = "msg_showcmd",
  kind = { { 0, "j", 0 } }
}
{
  event = "msg_showcmd",
  kind = {}
}
{
  event = "msg_showcmd",
  kind = { { 0, "j", 0 } }
}
{
  event = "msg_showcmd",
  kind = {}
}
{
  event = "msg_showcmd",
  kind = { { 0, "j", 0 } }
}
{
  event = "msg_showcmd",
  kind = {}
}
{
  event = "msg_showcmd",
  kind = { { 0, "j", 0 } }
}
{
  event = "msg_showcmd",
  kind = {}
}
{
  event = "msg_showcmd",
  kind = { { 0, "k", 0 } }
}
{
  event = "msg_showcmd",
  kind = {}
}
{
  event = "msg_showcmd",
  kind = { { 0, "k", 0 } }
}
{
  event = "msg_showcmd",
  kind = {}
}
{
  event = "msg_showcmd",
  kind = { { 0, "k", 0 } }
}
{
  event = "msg_showcmd",
  kind = {}
}
{
  event = "msg_showcmd",
  kind = { { 0, "j", 0 } }
}
{
  event = "msg_showcmd",
  kind = {}
}
{
  event = "msg_showcmd",
  kind = { { 0, "j", 0 } }
}
{
  event = "msg_showcmd",
  kind = {}
}
{
  event = "msg_showcmd",
  kind = { { 0, "j", 0 } }
}
{
  event = "msg_showcmd",
  kind = {}
}
{
  event = "msg_showcmd",
  kind = { { 0, "k", 0 } }
}
{
  event = "msg_showcmd",
  kind = {}
}
{
  event = "msg_showcmd",
  kind = { { 0, "k", 0 } }
}
{
  event = "msg_showcmd",
  kind = {}
}
{
  event = "msg_showcmd",
  kind = { { 0, "w", 0 } }
}
{
  event = "msg_showcmd",
  kind = {}
}
{
  event = "msg_showcmd",
  kind = { { 0, "w", 0 } }
}
{
  event = "msg_showcmd",
  kind = {}
}
{
  event = "msg_showcmd",
  kind = { { 0, "j", 0 } }
}
{
  event = "msg_showcmd",
  kind = {}
}
{
  event = "msg_showcmd",
  kind = { { 0, "V", 0 } }
}
{
  event = "msg_showcmd",
  kind = { { 0, "1", 0 } }
}
{
  event = "msg_showcmd",
  kind = { { 0, "1", 0 } }
}
{
  event = "msg_showcmd",
  kind = { { 0, "j", 0 } }
}
{
  event = "msg_showcmd",
  kind = { { 0, "2", 0 } }
}
{
  event = "msg_showcmd",
  kind = {}
}
{
  event = "msg_showcmd",
  kind = { { 0, "k", 0 } }
}
{
  event = "msg_showcmd",
  kind = {}
}
{
  event = "msg_showcmd",
  kind = { { 0, "k", 0 } }
}
{
  event = "msg_showcmd",
  kind = {}
}
{
  event = "msg_showcmd",
  kind = { { 0, "k", 0 } }
}
{
  event = "msg_showcmd",
  kind = {}
}
{
  event = "msg_showcmd",
  kind = { { 0, "w", 0 } }
}
{
  event = "msg_showcmd",
  kind = {}
}
{
  event = "msg_showcmd",
  kind = { { 0, "w", 0 } }
}
{
  event = "msg_showcmd",
  kind = {}
}
{
  event = "msg_showcmd",
  kind = { { 0, "w", 0 } }
}
{
  event = "msg_showcmd",
  kind = {}
}
{
  event = "msg_showcmd",
  kind = { { 0, "w", 0 } }
}
{
  event = "msg_showcmd",
  kind = {}
}
{
  event = "msg_showcmd",
  kind = { { 0, "w", 0 } }
}
{
  event = "msg_showcmd",
  kind = {}
}
{
  event = "msg_showcmd",
  kind = { { 0, "w", 0 } }
}
{
  event = "msg_showcmd",
  kind = {}
}
{
  event = "msg_showcmd",
  kind = { { 0, "w", 0 } }
}
{
  event = "msg_showcmd",
  kind = {}
}
{
  event = "msg_showcmd",
  kind = { { 0, "w", 0 } }
}
{
  event = "msg_showcmd",
  kind = {}
}
{
  event = "msg_showcmd",
  kind = { { 0, "w", 0 } }
}
{
  event = "msg_showcmd",
  kind = {}
}
{
  event = "msg_showcmd",
  kind = { { 0, "w", 0 } }
}
{
  event = "msg_showcmd",
  kind = {}
}
{
  event = "msg_showcmd",
  kind = { { 0, "w", 0 } }
}
{
  event = "msg_showcmd",
  kind = {}
}
{
  event = "msg_showcmd",
  kind = { { 0, "w", 0 } }
}
{
  event = "msg_showcmd",
  kind = {}
}
{
  event = "msg_showcmd",
  kind = { { 0, "w", 0 } }
}
{
  event = "msg_showcmd",
  kind = {}
}
{ false,
  event = "cmdline_hide",
  kind = 1
}
{
  event = "msg_showcmd",
  kind = { { 0, "j", 0 } }
}
{
  event = "msg_showcmd",
  kind = {}
}
{
  event = "msg_showcmd",
  kind = { { 0, "j", 0 } }
}
{
  event = "msg_showcmd",
  kind = {}
}
{
  event = "msg_showcmd",
  kind = { { 0, "j", 0 } }
}
{
  event = "msg_showcmd",
  kind = {}
}
{
  event = "msg_showcmd",
  kind = { { 0, "zz", 0 } }
}
{
  event = "msg_showcmd",
  kind = {}
}
{
  event = "msg_showcmd",
  kind = { { 0, "zz", 0 } }
}
{
  event = "msg_showcmd",
  kind = {}
}
{
  event = "msg_showcmd",
  kind = { { 0, "zz", 0 } }
}
{
  event = "msg_showcmd",
  kind = {}
}
{
  event = "msg_showcmd",
  kind = { { 0, "zz", 0 } }
}
{
  event = "msg_showcmd",
  kind = {}
}
{
  event = "msg_showcmd",
  kind = { { 0, "zz", 0 } }
}
{
  event = "msg_showcmd",
  kind = {}
}
{ false,
  event = "cmdline_hide",
  kind = 1
}
{
  event = "msg_showcmd",
  kind = { { 0, "j", 0 } }
}
{
  event = "msg_showcmd",
  kind = {}
}
{
  event = "msg_showcmd",
  kind = { { 0, "k", 0 } }
}
{
  event = "msg_showcmd",
  kind = {}
}
{
  event = "msg_showcmd",
  kind = { { 0, "k", 0 } }
}
{
  event = "msg_showcmd",
  kind = {}
}
{
  event = "msg_showcmd",
  kind = { { 0, "V", 0 } }
}
{
  event = "msg_showcmd",
  kind = { { 0, "1", 0 } }
}
{
  event = "msg_showcmd",
  kind = { { 0, "1", 0 } }
}
{
  event = "msg_showcmd",
  kind = { { 0, "j", 0 } }
}
{
  event = "msg_showcmd",
  kind = { { 0, "2", 0 } }
}
{
  event = "msg_showcmd",
  kind = {}
}
{
  event = "msg_showcmd",
  kind = { { 0, "j", 0 } }
}
{
  event = "msg_showcmd",
  kind = {}
}
{
  event = "msg_showcmd",
  kind = { { 0, "k", 0 } }
}
{
  event = "msg_showcmd",
  kind = {}
}
{
  event = "msg_showcmd",
  kind = { { 0, "j", 0 } }
}
{
  event = "msg_showcmd",
  kind = {}
}
{
  event = "msg_showcmd",
  kind = { { 0, "V", 0 } }
}
{
  event = "msg_showcmd",
  kind = { { 0, "1", 0 } }
}
{
  event = "msg_showcmd",
  kind = {}
}
{
  event = "msg_showcmd",
  kind = { { 0, "j", 0 } }
}
{
  event = "msg_showcmd",
  kind = {}
}
{
  event = "msg_showcmd",
  kind = { { 0, "j", 0 } }
}
{
  event = "msg_showcmd",
  kind = {}
}
{
  event = "msg_showcmd",
  kind = { { 0, "k", 0 } }
}
{
  event = "msg_showcmd",
  kind = {}
}
{
  event = "msg_showcmd",
  kind = { { 0, "k", 0 } }
}
{
  event = "msg_showcmd",
  kind = {}
}
{
  event = "msg_showcmd",
  kind = { { 0, "k", 0 } }
}
{
  event = "msg_showcmd",
  kind = {}
}
{
  event = "msg_showcmd",
  kind = { { 0, "k", 0 } }
}
{
  event = "msg_showcmd",
  kind = {}
}
{
  event = "msg_showcmd",
  kind = { { 0, "k", 0 } }
}
{
  event = "msg_showcmd",
  kind = {}
}
{
  event = "msg_showcmd",
  kind = { { 0, "k", 0 } }
}
{
  event = "msg_showcmd",
  kind = {}
}
{
  event = "msg_showcmd",
  kind = { { 0, "k", 0 } }
}
{
  event = "msg_showcmd",
  kind = {}
}
{
  event = "msg_showcmd",
  kind = { { 0, "k", 0 } }
}
{
  event = "msg_showcmd",
  kind = {}
}
{
  event = "msg_showcmd",
  kind = { { 0, "j", 0 } }
}
{
  event = "msg_showcmd",
  kind = {}
}
{
  event = "msg_showcmd",
  kind = { { 0, "j", 0 } }
}
{
  event = "msg_showcmd",
  kind = {}
}
{
  event = "msg_showcmd",
  kind = { { 0, "w", 0 } }
}
{
  event = "msg_showcmd",
  kind = {}
}
{
  event = "msg_showcmd",
  kind = { { 0, "w", 0 } }
}
{
  event = "msg_showcmd",
  kind = {}
}
{ false,
  event = "cmdline_hide",
  kind = 1
}
{
  event = "msg_showcmd",
  kind = { { 0, "zz", 0 } }
}
{
  event = "msg_showcmd",
  kind = {}
}
{
  event = "msg_showcmd",
  kind = { { 0, "zz", 0 } }
}
{
  event = "msg_showcmd",
  kind = {}
}
{
  event = "msg_showcmd",
  kind = { { 0, "zz", 0 } }
}
{
  event = "msg_showcmd",
  kind = {}
}
{
  event = "msg_showcmd",
  kind = { { 0, "zz", 0 } }
}
{
  event = "msg_showcmd",
  kind = {}
}
{
  event = "msg_showcmd",
  kind = { { 0, "zz", 0 } }
}
{
  event = "msg_showcmd",
  kind = {}
}
{
  event = "msg_showcmd",
  kind = { { 0, "zz", 0 } }
}
{
  event = "msg_showcmd",
  kind = {}
}
{
  event = "msg_showcmd",
  kind = { { 0, "j", 0 } }
}
{
  event = "msg_showcmd",
  kind = {}
}
{
  event = "msg_showcmd",
  kind = { { 0, "j", 0 } }
}
{
  event = "msg_showcmd",
  kind = {}
}
{
  event = "msg_showcmd",
  kind = { { 0, "j", 0 } }
}
{
  event = "msg_showcmd",
  kind = {}
}
{
  event = "msg_showcmd",
  kind = { { 0, "j", 0 } }
}
{
  event = "msg_showcmd",
  kind = {}
}
{
  event = "msg_showcmd",
  kind = { { 0, "w", 0 } }
}
{
  event = "msg_showcmd",
  kind = {}
}
{
  event = "msg_showcmd",
  kind = { { 0, "w", 0 } }
}
{
  event = "msg_showcmd",
  kind = {}
}
{
  event = "msg_showcmd",
  kind = { { 0, "w", 0 } }
}
{
  event = "msg_showcmd",
  kind = {}
}
{
  event = "msg_showcmd",
  kind = { { 0, "b", 0 } }
}
{
  event = "msg_showcmd",
  kind = {}
}
{
  event = "msg_showcmd",
  kind = { { 0, "b", 0 } }
}
{
  event = "msg_showcmd",
  kind = {}
}
{
  event = "msg_showcmd",
  kind = { { 0, "k", 0 } }
}
{
  event = "msg_showcmd",
  kind = {}
}
{
  event = "msg_showcmd",
  kind = { { 0, "j", 0 } }
}
{
  event = "msg_showcmd",
  kind = {}
}
{
  event = "msg_showcmd",
  kind = { { 0, "k", 0 } }
}
{
  event = "msg_showcmd",
  kind = {}
}
{
  event = "msg_showcmd",
  kind = { { 0, "k", 0 } }
}
{
  event = "msg_showcmd",
  kind = {}
}
{
  event = "msg_showcmd",
  kind = { { 0, "k", 0 } }
}
{
  event = "msg_showcmd",
  kind = {}
}
{
  event = "msg_showcmd",
  kind = { { 0, "j", 0 } }
}
{
  event = "msg_showcmd",
  kind = {}
}
{
  event = "msg_showcmd",
  kind = { { 0, "V", 0 } }
}
{
  event = "msg_showcmd",
  kind = { { 0, "1", 0 } }
}
{
  event = "msg_showcmd",
  kind = { { 0, "1", 0 } }
}
{
  event = "msg_showcmd",
  kind = { { 0, "k", 0 } }
}
{
  event = "msg_showcmd",
  kind = { { 0, "2", 0 } }
}
{
  event = "msg_showcmd",
  kind = { { 0, "g", 0 } }
}
{
  event = "msg_showcmd",
  kind = {}
}
{
  event = "msg_showcmd",
  kind = { { 0, "g@", 0 } }
}
{
  event = "msg_showcmd",
  kind = {}
}
{
  event = "msg_showcmd",
  kind = { { 0, "j", 0 } }
}
{
  event = "msg_showcmd",
  kind = {}
}
{
  event = "msg_showcmd",
  kind = { { 0, "j", 0 } }
}
{
  event = "msg_showcmd",
  kind = {}
}
{
  event = "msg_showcmd",
  kind = { { 0, "j", 0 } }
}
{
  event = "msg_showcmd",
  kind = {}
}
{
  event = "msg_showcmd",
  kind = { { 0, "w", 0 } }
}
{
  event = "msg_showcmd",
  kind = {}
}
{
  event = "msg_showcmd",
  kind = { { 0, "w", 0 } }
}
{
  event = "msg_showcmd",
  kind = {}
}
{
  event = "msg_showcmd",
  kind = { { 0, "w", 0 } }
}
{
  event = "msg_showcmd",
  kind = {}
}
{
  event = "msg_showcmd",
  kind = { { 0, "b", 0 } }
}
{
  event = "msg_showcmd",
  kind = {}
}
{
  event = "msg_showcmd",
  kind = { { 0, "b", 0 } }
}
{
  event = "msg_showcmd",
  kind = {}
}
{
  event = "msg_showcmd",
  kind = { { 0, "g", 0 } }
}
{
  event = "msg_showcmd",
  kind = {}
}
{
  event = "msg_showcmd",
  kind = { { 0, "w", 0 } }
}
{
  event = "msg_showcmd",
  kind = {}
}
{
  event = "msg_showcmd",
  kind = { { 0, "w", 0 } }
}
{
  event = "msg_showcmd",
  kind = {}
}
{
  event = "msg_showcmd",
  kind = { { 0, "w", 0 } }
}
{
  event = "msg_showcmd",
  kind = {}
}
{
  event = "msg_showcmd",
  kind = { { 0, "w", 0 } }
}
{
  event = "msg_showcmd",
  kind = {}
}
{
  event = "msg_showcmd",
  kind = { { 0, "w", 0 } }
}
{
  event = "msg_showcmd",
  kind = {}
}
{
  event = "msg_showcmd",
  kind = { { 0, "b", 0 } }
}
{
  event = "msg_showcmd",
  kind = {}
}
{
  event = "msg_showcmd",
  kind = { { 0, "b", 0 } }
}
{
  event = "msg_showcmd",
  kind = {}
}
{
  event = "msg_showcmd",
  kind = { { 0, "w", 0 } }
}
{
  event = "msg_showcmd",
  kind = {}
}
{
  event = "msg_showcmd",
  kind = { { 0, "w", 0 } }
}
{
  event = "msg_showcmd",
  kind = {}
}
{
  event = "msg_showcmd",
  kind = { { 0, "w", 0 } }
}
{
  event = "msg_showcmd",
  kind = {}
}
{
  event = "msg_showcmd",
  kind = { { 0, "V", 0 } }
}
{
  event = "msg_showcmd",
  kind = { { 0, "1", 0 } }
}
{
  event = "msg_showcmd",
  kind = {}
}
{
  event = "msg_showcmd",
  kind = { { 0, "j", 0 } }
}
{
  event = "msg_showcmd",
  kind = {}
}
{
  event = "msg_showcmd",
  kind = { { 0, "k", 0 } }
}
{
  event = "msg_showcmd",
  kind = {}
}
{
  event = "msg_showcmd",
  kind = { { 0, "j", 0 } }
}
{
  event = "msg_showcmd",
  kind = {}
}
{
  event = "msg_showcmd",
  kind = { { 0, "k", 0 } }
}
{
  event = "msg_showcmd",
  kind = {}
}
{
  event = "msg_showcmd",
  kind = { { 0, "j", 0 } }
}
{
  event = "msg_showcmd",
  kind = {}
}
{
  event = "msg_showcmd",
  kind = { { 0, "k", 0 } }
}
{
  event = "msg_showcmd",
  kind = {}
}
{
  event = "msg_showcmd",
  kind = { { 0, "j", 0 } }
}
{
  event = "msg_showcmd",
  kind = {}
}
{
  event = "msg_showcmd",
  kind = { { 0, "k", 0 } }
}
{
  event = "msg_showcmd",
  kind = {}
}
{ false,
  event = "cmdline_hide",
  kind = 1
}
{
  event = "msg_showcmd",
  kind = { { 0, "j", 0 } }
}
{
  event = "msg_showcmd",
  kind = {}
}
{
  event = "msg_showcmd",
  kind = { { 0, "j", 0 } }
}
{
  event = "msg_showcmd",
  kind = {}
}
{
  event = "msg_showcmd",
  kind = { { 0, "j", 0 } }
}
{
  event = "msg_showcmd",
  kind = {}
}
{
  event = "msg_showcmd",
  kind = { { 0, "j", 0 } }
}
{
  event = "msg_showcmd",
  kind = {}
}
{
  event = "msg_showcmd",
  kind = { { 0, "j", 0 } }
}
{
  event = "msg_showcmd",
  kind = {}
}
{
  event = "msg_showcmd",
  kind = { { 0, "j", 0 } }
}
{
  event = "msg_showcmd",
  kind = {}
}
{
  event = "msg_showcmd",
  kind = { { 0, "k", 0 } }
}
{
  event = "msg_showcmd",
  kind = {}
}
{
  event = "msg_showcmd",
  kind = { { 0, "k", 0 } }
}
{
  event = "msg_showcmd",
  kind = {}
}
{
  event = "msg_showcmd",
  kind = { { 0, "k", 0 } }
}
{
  event = "msg_showcmd",
  kind = {}
}
{
  event = "msg_showcmd",
  kind = { { 0, "k", 0 } }
}
{
  event = "msg_showcmd",
  kind = {}
}
{
  event = "msg_showcmd",
  kind = { { 0, "k", 0 } }
}
{
  event = "msg_showcmd",
  kind = {}
}
{
  event = "msg_showcmd",
  kind = { { 0, "k", 0 } }
}
{
  event = "msg_showcmd",
  kind = {}
}
{ false,
  event = "cmdline_hide",
  kind = 1
}
{
  event = "msg_showcmd",
  kind = { { 0, "j", 0 } }
}
{
  event = "msg_showcmd",
  kind = {}
}
{
  event = "msg_showcmd",
  kind = { { 0, "j", 0 } }
}
{
  event = "msg_showcmd",
  kind = {}
}
{
  event = "msg_showcmd",
  kind = { { 0, "j", 0 } }
}
{
  event = "msg_showcmd",
  kind = {}
}
{
  event = "msg_showcmd",
  kind = { { 0, "k", 0 } }
}
{
  event = "msg_showcmd",
  kind = {}
}
{
  event = "msg_showcmd",
  kind = { { 0, "k", 0 } }
}
{
  event = "msg_showcmd",
  kind = {}
}
{
  event = "msg_showcmd",
  kind = { { 0, "k", 0 } }
}
{
  event = "msg_showcmd",
  kind = {}
}
{ false,
  event = "cmdline_hide",
  kind = 1
}
{ false,
  event = "cmdline_hide",
  kind = 1
}
{ false,
  event = "cmdline_hide",
  kind = 1
}
{ false,
  event = "cmdline_hide",
  kind = 1
}
{
  event = "msg_showcmd",
  kind = { { 0, ":", 0 } }
}
{ 0, ":", "", 0, 1, 0,
  event = "cmdline_show",
  kind = { { 0, "" } }
}
{ 1, ":", "", 0, 1, 0,
  event = "cmdline_show",
  kind = { { 0, "L" } }
}
{ 2, ":", "", 0, 1, 0,
  event = "cmdline_show",
  kind = { { 0, "La" } }
}
{ 3, ":", "", 0, 1, 0,
  event = "cmdline_show",
  kind = { { 0, "Laz" } }
}
{ 4, ":", "", 0, 1, 0,
  event = "cmdline_show",
  kind = { { 0, "Lazy" } }
}
{ false,
  event = "cmdline_hide",
  kind = 1
}
{
  event = "msg_showcmd",
  kind = {}
}
{
  event = "msg_ruler",
  kind = { { 75, "0,0-1         All", 61 } }
}
{
  event = "msg_ruler",
  kind = { { 75, "1,0-1         Top", 61 } }
}
{
  event = "msg_ruler",
  kind = { { 75, "1,0-1         Top", 61 } }
}
{
  event = "msg_ruler",
  kind = { { 75, "1,0-1         Top", 61 } }
}
{
  event = "msg_showcmd",
  kind = { { 0, "j", 0 } }
}
{
  event = "msg_showcmd",
  kind = {}
}
{
  event = "msg_ruler",
  kind = { { 75, "2,1           Top", 61 } }
}
{
  event = "msg_showcmd",
  kind = { { 0, "j", 0 } }
}
{
  event = "msg_showcmd",
  kind = {}
}
{
  event = "msg_ruler",
  kind = { { 75, "3,1           Top", 61 } }
}
{
  event = "msg_showcmd",
  kind = { { 0, "j", 0 } }
}
{
  event = "msg_showcmd",
  kind = {}
}
{
  event = "msg_ruler",
  kind = { { 75, "4,0-1         Top", 61 } }
}
{
  event = "msg_showcmd",
  kind = { { 0, "j", 0 } }
}
{
  event = "msg_showcmd",
  kind = {}
}
{
  event = "msg_ruler",
  kind = { { 75, "5,1           Top", 61 } }
}
{
  event = "msg_showcmd",
  kind = { { 0, "j", 0 } }
}
{
  event = "msg_showcmd",
  kind = {}
}
{
  event = "msg_ruler",
  kind = { { 75, "6,0-1         Top", 61 } }
}
{
  event = "msg_showcmd",
  kind = { { 0, "j", 0 } }
}
{
  event = "msg_showcmd",
  kind = {}
}
{
  event = "msg_ruler",
  kind = { { 75, "7,1           Top", 61 } }
}
{
  event = "msg_showcmd",
  kind = { { 0, "j", 0 } }
}
{
  event = "msg_showcmd",
  kind = {}
}
{
  event = "msg_ruler",
  kind = { { 75, "8,1           Top", 61 } }
}
{
  event = "msg_ruler",
  kind = { { 75, "25,1          51%", 61 } }
}
{
  event = "msg_showcmd",
  kind = { { 0, "zz", 0 } }
}
{
  event = "msg_showcmd",
  kind = {}
}
{
  event = "msg_ruler",
  kind = { { 75, "25,1          37%", 61 } }
}
{
  event = "msg_ruler",
  kind = { { 75, "39,1          88%", 61 } }
}
{
  event = "msg_showcmd",
  kind = { { 0, "zz", 0 } }
}
{
  event = "msg_showcmd",
  kind = {}
}
{
  event = "msg_ruler",
  kind = { { 75, "53,1          Bot", 61 } }
}
{
  event = "msg_showcmd",
  kind = { { 0, "zz", 0 } }
}
{
  event = "msg_showcmd",
  kind = {}
}
{
  event = "msg_ruler",
  kind = { { 75, "53,1          Bot", 61 } }
}
{
  event = "msg_ruler",
  kind = { { 75, "39,1          88%", 61 } }
}
{
  event = "msg_showcmd",
  kind = { { 0, "zz", 0 } }
}
{
  event = "msg_showcmd",
  kind = {}
}
{
  event = "msg_ruler",
  kind = { { 75, "25,1          37%", 61 } }
}
{
  event = "msg_showcmd",
  kind = { { 0, "zz", 0 } }
}
{
  event = "msg_showcmd",
  kind = {}
}
{
  event = "msg_ruler",
  kind = { { 75, "11,1          Top", 61 } }
}
{
  event = "msg_showcmd",
  kind = { { 0, "zz", 0 } }
}
{
  event = "msg_showcmd",
  kind = {}
}
{
  event = "msg_showcmd",
  kind = { { 0, "/", 0 } }
}
{ 0, "/", "", 0, 1, 0,
  event = "cmdline_show",
  kind = { { 0, "" } }
}
{
  event = "msg_ruler",
  kind = { { 75, "11,1          Top", 61 } }
}
{
  event = "msg_ruler",
  kind = { { 75, "11,1          Top", 61 } }
}
{
  event = "msg_ruler",
  kind = { { 75, "11,1          Top", 61 } }
}
{
  event = "msg_ruler",
  kind = { { 75, "11,1          Top", 61 } }
}
{
  event = "msg_ruler",
  kind = { { 75, "11,1          Top", 61 } }
}
{
  event = "msg_ruler",
  kind = { { 75, "11,1          Top", 61 } }
}
{ 1, "/", "", 0, 1, 0,
  event = "cmdline_show",
  kind = { { 0, "m" } }
}
{
  event = "msg_ruler",
  kind = { { 75, "11,1          Top", 61 } }
}
{ 1, "/", "", 0, 1, 0,
  event = "cmdline_show",
  kind = { { 0, "m" } }
}
{ 2, "/", "", 0, 1, 0,
  event = "cmdline_show",
  kind = { { 0, "ma" } }
}
{
  event = "msg_ruler",
  kind = { { 75, "11,1-8        Top", 61 } }
}
{ 2, "/", "", 0, 1, 0,
  event = "cmdline_show",
  kind = { { 0, "ma" } }
}
{ 3, "/", "", 0, 1, 0,
  event = "cmdline_show",
  kind = { { 0, "mas" } }
}
{
  event = "msg_ruler",
  kind = { { 75, "11,1-7        18%", 61 } }
}
{ 3, "/", "", 0, 1, 0,
  event = "cmdline_show",
  kind = { { 0, "mas" } }
}
{ 4, "/", "", 0, 1, 0,
  event = "cmdline_show",
  kind = { { 0, "maso" } }
}
{
  event = "msg_ruler",
  kind = { { 75, "11,1-7        18%", 61 } }
}
{ 4, "/", "", 0, 1, 0,
  event = "cmdline_show",
  kind = { { 0, "maso" } }
}
{ 5, "/", "", 0, 1, 0,
  event = "cmdline_show",
  kind = { { 0, "mason" } }
}
{
  event = "msg_ruler",
  kind = { { 75, "11,1-7        18%", 61 } }
}
{ 5, "/", "", 0, 1, 0,
  event = "cmdline_show",
  kind = { { 0, "mason" } }
}
{ 6, "/", "", 0, 1, 0,
  event = "cmdline_show",
  kind = { { 0, "mason-" } }
}
{
  event = "msg_ruler",
  kind = { { 75, "11,1-7        18%", 61 } }
}
{ 6, "/", "", 0, 1, 0,
  event = "cmdline_show",
  kind = { { 0, "mason-" } }
}
{ 7, "/", "", 0, 1, 0,
  event = "cmdline_show",
  kind = { { 0, "mason-l" } }
}
{
  event = "msg_ruler",
  kind = { { 75, "11,1-7        18%", 61 } }
}
{ 7, "/", "", 0, 1, 0,
  event = "cmdline_show",
  kind = { { 0, "mason-l" } }
}
{ 8, "/", "", 0, 1, 0,
  event = "cmdline_show",
  kind = { { 0, "mason-ls" } }
}
{
  event = "msg_ruler",
  kind = { { 75, "11,1-7        18%", 61 } }
}
{ 8, "/", "", 0, 1, 0,
  event = "cmdline_show",
  kind = { { 0, "mason-ls" } }
}
{ 9, "/", "", 0, 1, 0,
  event = "cmdline_show",
  kind = { { 0, "mason-lsp" } }
}
{
  event = "msg_ruler",
  kind = { { 75, "11,1-7        18%", 61 } }
}
{ 9, "/", "", 0, 1, 0,
  event = "cmdline_show",
  kind = { { 0, "mason-lsp" } }
}
{ false,
  event = "cmdline_hide",
  kind = 1
}
{ { { 0, "/mason-lsp             ", 0 } }, false, false,
  event = "msg_show",
  kind = "search_cmd"
}
{ { { 0, "/mason-lsp        [1/1]", 0 } }, true, false,
  event = "msg_show",
  kind = "search_count"
}
{
  event = "msg_showcmd",
  kind = {}
}
{
  event = "msg_ruler",
  kind = { { 75, "24,9-7        18%", 61 } }
}
{
  event = "msg_ruler",
  kind = { { 75, "24,9-7        18%", 61 } }
}
{
  event = "msg_showcmd",
  kind = { { 0, "j", 0 } }
}
{
  event = "msg_showcmd",
  kind = {}
}
{
  event = "msg_showcmd",
  kind = { { 0, "j", 0 } }
}
{
  event = "msg_showcmd",
  kind = {}
}
{
  event = "msg_showcmd",
  kind = { { 0, "k", 0 } }
}
{
  event = "msg_showcmd",
  kind = {}
}
{ false,
  event = "cmdline_hide",
  kind = 1
}
{
  event = "msg_clear"
}
{
  event = "msg_showcmd",
  kind = { { 0, "j", 0 } }
}
{
  event = "msg_showcmd",
  kind = {}
}
{
  event = "msg_showcmd",
  kind = { { 0, "j", 0 } }
}
{
  event = "msg_showcmd",
  kind = {}
}
{
  event = "msg_showcmd",
  kind = { { 0, "2", 0 } }
}
{
  event = "msg_showcmd",
  kind = { { 0, "2", 0 } }
}
{
  event = "msg_showcmd",
  kind = { { 0, "2", 0 } }
}
{
  event = "msg_showcmd",
  kind = { { 0, "3", 0 } }
}
{
  event = "msg_showcmd",
  kind = { { 0, "3", 0 } }
}
{
  event = "msg_showcmd",
  kind = { { 0, "4", 0 } }
}
{
  event = "msg_showcmd",
  kind = { { 0, "4", 0 } }
}
{
  event = "msg_showcmd",
  kind = { { 0, "5", 0 } }
}
{
  event = "msg_showcmd",
  kind = { { 0, "5", 0 } }
}
{
  event = "msg_showcmd",
  kind = { { 0, "5", 0 } }
}
{
  event = "msg_showcmd",
  kind = {}
}
{
  event = "msg_showcmd",
  kind = { { 0, "3", 0 } }
}
{
  event = "msg_showcmd",
  kind = { { 0, "3", 0 } }
}
{
  event = "msg_showcmd",
  kind = { { 0, "3", 0 } }
}
{
  event = "msg_showcmd",
  kind = { { 0, "3", 0 } }
}
{
  event = "msg_showcmd",
  kind = { { 0, "3", 0 } }
}
{
  event = "msg_showcmd",
  kind = { { 0, "3", 0 } }
}
{
  event = "msg_showcmd",
  kind = { { 0, "3", 0 } }
}
{
  event = "msg_showcmd",
  kind = { { 0, "3", 0 } }
}
{
  event = "msg_showcmd",
  kind = { { 0, "3", 0 } }
}
{
  event = "msg_showcmd",
  kind = { { 0, "3", 0 } }
}
{
  event = "msg_showcmd",
  kind = { { 0, "3", 0 } }
}
{
  event = "msg_showcmd",
  kind = { { 0, "3", 0 } }
}
{
  event = "msg_showcmd",
  kind = { { 0, "3", 0 } }
}
{
  event = "msg_showcmd",
  kind = { { 0, "3", 0 } }
}
{
  event = "msg_showcmd",
  kind = { { 0, "3", 0 } }
}
{
  event = "msg_showcmd",
  kind = { { 0, "3", 0 } }
}
{
  event = "msg_showcmd",
  kind = { { 0, "3", 0 } }
}
{
  event = "msg_showcmd",
  kind = { { 0, "3", 0 } }
}
{
  event = "msg_showcmd",
  kind = { { 0, "3", 0 } }
}
{
  event = "msg_showcmd",
  kind = { { 0, "3", 0 } }
}
{
  event = "msg_showcmd",
  kind = { { 0, "3", 0 } }
}
{
  event = "msg_showcmd",
  kind = { { 0, "3", 0 } }
}
{
  event = "msg_showcmd",
  kind = { { 0, "3", 0 } }
}
{
  event = "msg_showcmd",
  kind = { { 0, "3", 0 } }
}
{
  event = "msg_showcmd",
  kind = { { 0, "3", 0 } }
}
{
  event = "msg_showcmd",
  kind = { { 0, "3", 0 } }
}
{
  event = "msg_showcmd",
  kind = { { 0, "3", 0 } }
}
{
  event = "msg_showcmd",
  kind = { { 0, "3", 0 } }
}
{
  event = "msg_showcmd",
  kind = { { 0, "3", 0 } }
}
{
  event = "msg_showcmd",
  kind = { { 0, "3", 0 } }
}
{
  event = "msg_showcmd",
  kind = { { 0, "3", 0 } }
}
{
  event = "msg_showcmd",
  kind = { { 0, "3", 0 } }
}
{
  event = "msg_showcmd",
  kind = { { 0, "3", 0 } }
}
{
  event = "msg_showcmd",
  kind = { { 0, "3", 0 } }
}
{
  event = "msg_showcmd",
  kind = { { 0, "3", 0 } }
}
{
  event = "msg_showcmd",
  kind = { { 0, "3", 0 } }
}
{
  event = "msg_showcmd",
  kind = { { 0, "3", 0 } }
}
{
  event = "msg_showcmd",
  kind = { { 0, "2", 0 } }
}
{
  event = "msg_showcmd",
  kind = { { 0, "2", 0 } }
}
{
  event = "msg_showcmd",
  kind = { { 0, "2", 0 } }
}
{
  event = "msg_showcmd",
  kind = { { 0, "2", 0 } }
}
{
  event = "msg_showcmd",
  kind = { { 0, "34", 0 } }
}
{
  event = "msg_showcmd",
  kind = { { 0, "34", 0 } }
}
{
  event = "msg_showcmd",
  kind = {}
}
{
  event = "msg_showcmd",
  kind = { { 0, "3", 0 } }
}
{
  event = "msg_showcmd",
  kind = { { 0, "3", 0 } }
}
{
  event = "msg_showcmd",
  kind = { { 0, "2", 0 } }
}
{
  event = "msg_showcmd",
  kind = { { 0, "2", 0 } }
}
{
  event = "msg_showcmd",
  kind = { { 0, "3", 0 } }
}
{
  event = "msg_showcmd",
  kind = { { 0, "2", 0 } }
}
{
  event = "msg_showcmd",
  kind = { { 0, "3", 0 } }
}
{
  event = "msg_showcmd",
  kind = { { 0, "4", 0 } }
}
{
  event = "msg_showcmd",
  kind = { { 0, "5", 0 } }
}
{
  event = "msg_showcmd",
  kind = { { 0, "6", 0 } }
}
{
  event = "msg_showcmd",
  kind = { { 0, "6", 0 } }
}
{
  event = "msg_showcmd",
  kind = { { 0, "7", 0 } }
}
{
  event = "msg_showcmd",
  kind = { { 0, "8", 0 } }
}
{
  event = "msg_showcmd",
  kind = { { 0, "9", 0 } }
}
{
  event = "msg_showcmd",
  kind = { { 0, "10", 0 } }
}
{
  event = "msg_showcmd",
  kind = { { 0, "11", 0 } }
}
{
  event = "msg_showcmd",
  kind = { { 0, "12", 0 } }
}
{
  event = "msg_showcmd",
  kind = { { 0, "13", 0 } }
}
{
  event = "msg_showcmd",
  kind = { { 0, "14", 0 } }
}
{
  event = "msg_showcmd",
  kind = { { 0, "15", 0 } }
}
{
  event = "msg_showcmd",
  kind = { { 0, "15", 0 } }
}
{
  event = "msg_showcmd",
  kind = { { 0, "16", 0 } }
}
{
  event = "msg_showcmd",
  kind = { { 0, "16", 0 } }
}
{
  event = "msg_showcmd",
  kind = {}
}
{
  event = "msg_showcmd",
  kind = { { 0, "7", 0 } }
}
{
  event = "msg_showcmd",
  kind = { { 0, "7", 0 } }
}
{
  event = "msg_showcmd",
  kind = { { 0, "6", 0 } }
}
{
  event = "msg_showcmd",
  kind = { { 0, "6", 0 } }
}
{
  event = "msg_showcmd",
  kind = { { 0, "5", 0 } }
}
{
  event = "msg_showcmd",
  kind = { { 0, "5", 0 } }
}
{
  event = "msg_showcmd",
  kind = { { 0, "4", 0 } }
}
{
  event = "msg_showcmd",
  kind = { { 0, "4", 0 } }
}
{
  event = "msg_showcmd",
  kind = { { 0, "3", 0 } }
}
{
  event = "msg_showcmd",
  kind = { { 0, "3", 0 } }
}
{
  event = "msg_showcmd",
  kind = { { 0, "2", 0 } }
}
{
  event = "msg_showcmd",
  kind = { { 0, "2", 0 } }
}
{
  event = "msg_showcmd",
  kind = { { 0, "8", 0 } }
}
{
  event = "msg_showcmd",
  kind = { { 0, "2", 0 } }
}
{
  event = "msg_showcmd",
  kind = { { 0, "2", 0 } }
}
{
  event = "msg_showcmd",
  kind = { { 0, "3", 0 } }
}
{
  event = "msg_showcmd",
  kind = { { 0, "4", 0 } }
}
{
  event = "msg_showcmd",
  kind = { { 0, "5", 0 } }
}
{
  event = "msg_showcmd",
  kind = { { 0, "5", 0 } }
}
{
  event = "msg_showcmd",
  kind = { { 0, "6", 0 } }
}
{
  event = "msg_showcmd",
  kind = { { 0, "6", 0 } }
}
{
  event = "msg_showcmd",
  kind = {}
}
{
  event = "msg_showcmd",
  kind = { { 0, "j", 0 } }
}
{
  event = "msg_showcmd",
  kind = {}
}
{
  event = "msg_showcmd",
  kind = { { 0, "k", 0 } }
}
{
  event = "msg_showcmd",
  kind = {}
}
{
  event = "msg_showcmd",
  kind = { { 0, "k", 0 } }
}
{
  event = "msg_showcmd",
  kind = {}
}
{
  event = "msg_showcmd",
  kind = { { 0, "k", 0 } }
}
{
  event = "msg_showcmd",
  kind = {}
}
{
  event = "msg_showcmd",
  kind = { { 0, "k", 0 } }
}
{
  event = "msg_showcmd",
  kind = {}
}
{
  event = "msg_showcmd",
  kind = { { 0, "V", 0 } }
}
{
  event = "msg_showcmd",
  kind = { { 0, "1", 0 } }
}
{
  event = "msg_showcmd",
  kind = { { 0, "^D", 0 } }
}
{
  event = "msg_showcmd",
  kind = { { 0, "15", 0 } }
}
{
  event = "msg_showcmd",
  kind = { { 0, "^D", 0 } }
}
{
  event = "msg_showcmd",
  kind = { { 0, "29", 0 } }
}
{
  event = "msg_showcmd",
  kind = { { 0, "^D", 0 } }
}
{
  event = "msg_showcmd",
  kind = { { 0, "43", 0 } }
}
{
  event = "msg_showcmd",
  kind = { { 0, "^U", 0 } }
}
{
  event = "msg_showcmd",
  kind = { { 0, "29", 0 } }
}
{
  event = "msg_showcmd",
  kind = { { 0, "^U", 0 } }
}
{
  event = "msg_showcmd",
  kind = { { 0, "15", 0 } }
}
{
  event = "msg_showcmd",
  kind = { { 0, "^U", 0 } }
}
{
  event = "msg_showcmd",
  kind = { { 0, "1", 0 } }
}
{
  event = "msg_showcmd",
  kind = { { 0, ":", 0 } }
}
{
  event = "msg_showcmd",
  kind = {}
}
{ 5, ":", "", 0, 1, 0,
  event = "cmdline_show",
  kind = { { 0, "'<,'>" } }
}
{ 6, ":", "", 0, 1, 0,
  event = "cmdline_show",
  kind = { { 0, "'<,'>h" } }
}
{ 5, ":", "", 0, 1, 0,
  event = "cmdline_show",
  kind = { { 0, "'<,'>" } }
}
{ 0, ":", "", 0, 1, 0,
  event = "cmdline_show",
  kind = { { 0, "" } }
}
{ 1, ":", "", 0, 1, 0,
  event = "cmdline_show",
  kind = { { 0, "h" } }
}
{ 2, ":", "", 0, 1, 0,
  event = "cmdline_show",
  kind = { { 0, "he" } }
}
{ 3, ":", "", 0, 1, 0,
  event = "cmdline_show",
  kind = { { 0, "hel" } }
}
{ 4, ":", "", 0, 1, 0,
  event = "cmdline_show",
  kind = { { 0, "help" } }
}
{ 5, ":", "", 0, 1, 0,
  event = "cmdline_show",
  kind = { { 0, "help " } }
}
{ 6, ":", "", 0, 1, 0,
  event = "cmdline_show",
  kind = { { 0, "help m" } }
}
{ 7, ":", "", 0, 1, 0,
  event = "cmdline_show",
  kind = { { 0, "help ma" } }
}
{ 8, ":", "", 0, 1, 0,
  event = "cmdline_show",
  kind = { { 0, "help mas" } }
}
{ 9, ":", "", 0, 1, 0,
  event = "cmdline_show",
  kind = { { 0, "help maso" } }
}
{ 10, ":", "", 0, 1, 0,
  event = "cmdline_show",
  kind = { { 0, "help mason" } }
}
{ 11, ":", "", 0, 1, 0,
  event = "cmdline_show",
  kind = { { 0, "help mason-" } }
}
{ 12, ":", "", 0, 1, 0,
  event = "cmdline_show",
  kind = { { 0, "help mason-c" } }
}
{ 13, ":", "", 0, 1, 0,
  event = "cmdline_show",
  kind = { { 0, "help mason-co" } }
}
{ 12, ":", "", 0, 1, 0,
  event = "cmdline_show",
  kind = { { 0, "help mason-c" } }
}
{ 11, ":", "", 0, 1, 0,
  event = "cmdline_show",
  kind = { { 0, "help mason-" } }
}
{ 12, ":", "", 0, 1, 0,
  event = "cmdline_show",
  kind = { { 0, "help mason-l" } }
}
{ 13, ":", "", 0, 1, 0,
  event = "cmdline_show",
  kind = { { 0, "help mason-ls" } }
}
{ 14, ":", "", 0, 1, 0,
  event = "cmdline_show",
  kind = { { 0, "help mason-lsp" } }
}
{ 15, ":", "", 0, 1, 0,
  event = "cmdline_show",
  kind = { { 0, "help mason-lspc" } }
}
{ 16, ":", "", 0, 1, 0,
  event = "cmdline_show",
  kind = { { 0, "help mason-lspco" } }
}
{ 17, ":", "", 0, 1, 0,
  event = "cmdline_show",
  kind = { { 0, "help mason-lspcon" } }
}
{ 18, ":", "", 0, 1, 0,
  event = "cmdline_show",
  kind = { { 0, "help mason-lspconf" } }
}
{ 19, ":", "", 0, 1, 0,
  event = "cmdline_show",
  kind = { { 0, "help mason-lspconfi" } }
}
{ 20, ":", "", 0, 1, 0,
  event = "cmdline_show",
  kind = { { 0, "help mason-lspconfig" } }
}
{ 21, ":", "", 0, 1, 0,
  event = "cmdline_show",
  kind = { { 0, "help mason-lspconfig." } }
}
{ 22, ":", "", 0, 1, 0,
  event = "cmdline_show",
  kind = { { 0, "help mason-lspconfig.n" } }
}
{ 23, ":", "", 0, 1, 0,
  event = "cmdline_show",
  kind = { { 0, "help mason-lspconfig.nv" } }
}
{ 24, ":", "", 0, 1, 0,
  event = "cmdline_show",
  kind = { { 0, "help mason-lspconfig.nvi" } }
}
{ 25, ":", "", 0, 1, 0,
  event = "cmdline_show",
  kind = { { 0, "help mason-lspconfig.nvim" } }
}
{ false,
  event = "cmdline_hide",
  kind = 1
}
{
  event = "msg_showcmd",
  kind = { { 0, "j", 0 } }
}
{
  event = "msg_showcmd",
  kind = {}
}
{
  event = "msg_showcmd",
  kind = { { 0, "j", 0 } }
}
{
  event = "msg_showcmd",
  kind = {}
}
{
  event = "msg_showcmd",
  kind = { { 0, "j", 0 } }
}
{
  event = "msg_showcmd",
  kind = {}
}
{
  event = "msg_showcmd",
  kind = { { 0, "j", 0 } }
}
{
  event = "msg_showcmd",
  kind = {}
}
{
  event = "msg_showcmd",
  kind = { { 0, "zz", 0 } }
}
{
  event = "msg_showcmd",
  kind = {}
}
{
  event = "msg_showcmd",
  kind = { { 0, "zz", 0 } }
}
{
  event = "msg_showcmd",
  kind = {}
}
{
  event = "msg_showcmd",
  kind = { { 0, "zz", 0 } }
}
{
  event = "msg_showcmd",
  kind = {}
}
{
  event = "msg_showcmd",
  kind = { { 0, "zz", 0 } }
}
{
  event = "msg_showcmd",
  kind = {}
}
{
  event = "msg_showcmd",
  kind = { { 0, "zz", 0 } }
}
{
  event = "msg_showcmd",
  kind = {}
}
{
  event = "msg_showcmd",
  kind = { { 0, "zz", 0 } }
}
{
  event = "msg_showcmd",
  kind = {}
}
{
  event = "msg_showcmd",
  kind = { { 0, "zz", 0 } }
}
{
  event = "msg_showcmd",
  kind = {}
}
{
  event = "msg_showcmd",
  kind = { { 0, "zz", 0 } }
}
{
  event = "msg_showcmd",
  kind = {}
}
{
  event = "msg_showcmd",
  kind = { { 0, "zz", 0 } }
}
{
  event = "msg_showcmd",
  kind = {}
}
{
  event = "msg_showcmd",
  kind = { { 0, "zz", 0 } }
}
{
  event = "msg_showcmd",
  kind = {}
}
{
  event = "msg_showcmd",
  kind = { { 0, "zz", 0 } }
}
{
  event = "msg_showcmd",
  kind = {}
}
{
  event = "msg_showcmd",
  kind = { { 0, "zz", 0 } }
}
{
  event = "msg_showcmd",
  kind = {}
}
{
  event = "msg_showcmd",
  kind = { { 0, "zz", 0 } }
}
{
  event = "msg_showcmd",
  kind = {}
}
{
  event = "msg_showcmd",
  kind = { { 0, "zz", 0 } }
}
{
  event = "msg_showcmd",
  kind = {}
}
{
  event = "msg_showcmd",
  kind = { { 0, "zz", 0 } }
}
{
  event = "msg_showcmd",
  kind = {}
}
{
  event = "msg_showcmd",
  kind = { { 0, "zz", 0 } }
}
{
  event = "msg_showcmd",
  kind = {}
}
{
  event = "msg_showcmd",
  kind = { { 0, "zz", 0 } }
}
{
  event = "msg_showcmd",
  kind = {}
}
{
  event = "msg_showcmd",
  kind = { { 0, "zz", 0 } }
}
{
  event = "msg_showcmd",
  kind = {}
}
{
  event = "msg_showcmd",
  kind = { { 0, "k", 0 } }
}
{
  event = "msg_showcmd",
  kind = {}
}
{
  event = "msg_showcmd",
  kind = { { 0, "k", 0 } }
}
{
  event = "msg_showcmd",
  kind = {}
}
{
  event = "msg_showcmd",
  kind = { { 0, "k", 0 } }
}
{
  event = "msg_showcmd",
  kind = {}
}
{
  event = "msg_showcmd",
  kind = { { 0, "w", 0 } }
}
{
  event = "msg_showcmd",
  kind = {}
}
{
  event = "msg_showcmd",
  kind = { { 0, "w", 0 } }
}
{
  event = "msg_showcmd",
  kind = {}
}
{
  event = "msg_showcmd",
  kind = { { 0, "w", 0 } }
}
{
  event = "msg_showcmd",
  kind = {}
}
{
  event = "msg_showcmd",
  kind = { { 0, "k", 0 } }
}
{
  event = "msg_showcmd",
  kind = {}
}
{
  event = "msg_showcmd",
  kind = { { 0, "j", 0 } }
}
{
  event = "msg_showcmd",
  kind = {}
}
{
  event = "msg_showcmd",
  kind = { { 0, "j", 0 } }
}
{
  event = "msg_showcmd",
  kind = {}
}
{
  event = "msg_showcmd",
  kind = { { 0, "j", 0 } }
}
{
  event = "msg_showcmd",
  kind = {}
}
{
  event = "msg_showcmd",
  kind = { { 0, "j", 0 } }
}
{
  event = "msg_showcmd",
  kind = {}
}
{
  event = "msg_showcmd",
  kind = { { 0, "j", 0 } }
}
{
  event = "msg_showcmd",
  kind = {}
}
{
  event = "msg_showcmd",
  kind = { { 0, "j", 0 } }
}
{
  event = "msg_showcmd",
  kind = {}
}
{
  event = "msg_showcmd",
  kind = { { 0, "j", 0 } }
}
{
  event = "msg_showcmd",
  kind = {}
}
{
  event = "msg_showcmd",
  kind = { { 0, "j", 0 } }
}
{
  event = "msg_showcmd",
  kind = {}
}
{
  event = "msg_showcmd",
  kind = { { 0, "j", 0 } }
}
{
  event = "msg_showcmd",
  kind = {}
}
{
  event = "msg_showcmd",
  kind = { { 0, "j", 0 } }
}
{
  event = "msg_showcmd",
  kind = {}
}
{
  event = "msg_showcmd",
  kind = { { 0, "j", 0 } }
}
{
  event = "msg_showcmd",
  kind = {}
}
{
  event = "msg_showcmd",
  kind = { { 0, "j", 0 } }
}
{
  event = "msg_showcmd",
  kind = {}
}
{
  event = "msg_showcmd",
  kind = { { 0, "j", 0 } }
}
{
  event = "msg_showcmd",
  kind = {}
}
{
  event = "msg_showcmd",
  kind = { { 0, "j", 0 } }
}
{
  event = "msg_showcmd",
  kind = {}
}
{
  event = "msg_showcmd",
  kind = { { 0, "zz", 0 } }
}
{
  event = "msg_showcmd",
  kind = {}
}
{
  event = "msg_showcmd",
  kind = { { 0, "zz", 0 } }
}
{
  event = "msg_showcmd",
  kind = {}
}
{
  event = "msg_showcmd",
  kind = { { 0, "zz", 0 } }
}
{
  event = "msg_showcmd",
  kind = {}
}
{
  event = "msg_showcmd",
  kind = { { 0, "k", 0 } }
}
{
  event = "msg_showcmd",
  kind = {}
}
{
  event = "msg_showcmd",
  kind = { { 0, "k", 0 } }
}
{
  event = "msg_showcmd",
  kind = {}
}
{
  event = "msg_showcmd",
  kind = { { 0, "k", 0 } }
}
{
  event = "msg_showcmd",
  kind = {}
}
{
  event = "msg_showcmd",
  kind = { { 0, "b", 0 } }
}
{
  event = "msg_showcmd",
  kind = {}
}
{
  event = "msg_showcmd",
  kind = { { 0, "b", 0 } }
}
{
  event = "msg_showcmd",
  kind = {}
}
{
  event = "msg_showcmd",
  kind = { { 0, "w", 0 } }
}
{
  event = "msg_showcmd",
  kind = {}
}
{
  event = "msg_showcmd",
  kind = { { 0, "w", 0 } }
}
{
  event = "msg_showcmd",
  kind = {}
}
{
  event = "msg_showcmd",
  kind = { { 0, "j", 0 } }
}
{
  event = "msg_showcmd",
  kind = {}
}
{
  event = "msg_showcmd",
  kind = { { 0, "b", 0 } }
}
{
  event = "msg_showcmd",
  kind = {}
}
{
  event = "msg_showcmd",
  kind = { { 0, "b", 0 } }
}
{
  event = "msg_showcmd",
  kind = {}
}
{
  event = "msg_showcmd",
  kind = { { 0, "b", 0 } }
}
{
  event = "msg_showcmd",
  kind = {}
}
{
  event = "msg_showcmd",
  kind = { { 0, "j", 0 } }
}
{
  event = "msg_showcmd",
  kind = {}
}
{
  event = "msg_showcmd",
  kind = { { 0, "j", 0 } }
}
{
  event = "msg_showcmd",
  kind = {}
}
{
  event = "msg_showcmd",
  kind = { { 0, "k", 0 } }
}
{
  event = "msg_showcmd",
  kind = {}
}
{
  event = "msg_showcmd",
  kind = { { 0, "k", 0 } }
}
{
  event = "msg_showcmd",
  kind = {}
}
{
  event = "msg_showcmd",
  kind = { { 0, "j", 0 } }
}
{
  event = "msg_showcmd",
  kind = {}
}
{
  event = "msg_showcmd",
  kind = { { 0, "j", 0 } }
}
{
  event = "msg_showcmd",
  kind = {}
}
{
  event = "msg_showcmd",
  kind = { { 0, "j", 0 } }
}
{
  event = "msg_showcmd",
  kind = {}
}
{
  event = "msg_showcmd",
  kind = { { 0, "j", 0 } }
}
{
  event = "msg_showcmd",
  kind = {}
}
{
  event = "msg_showcmd",
  kind = { { 0, "zz", 0 } }
}
{
  event = "msg_showcmd",
  kind = {}
}
{
  event = "msg_showcmd",
  kind = { { 0, "k", 0 } }
}
{
  event = "msg_showcmd",
  kind = {}
}
{
  event = "msg_showcmd",
  kind = { { 0, "k", 0 } }
}
{
  event = "msg_showcmd",
  kind = {}
}
{
  event = "msg_showcmd",
  kind = { { 0, "w", 0 } }
}
{
  event = "msg_showcmd",
  kind = {}
}
{
  event = "msg_showcmd",
  kind = { { 0, "w", 0 } }
}
{
  event = "msg_showcmd",
  kind = {}
}
{
  event = "msg_showcmd",
  kind = { { 0, "w", 0 } }
}
{
  event = "msg_showcmd",
  kind = {}
}
{
  event = "msg_showcmd",
  kind = { { 0, "j", 0 } }
}
{
  event = "msg_showcmd",
  kind = {}
}
{
  event = "msg_showcmd",
  kind = { { 0, "zz", 0 } }
}
{
  event = "msg_showcmd",
  kind = {}
}
{
  event = "msg_showcmd",
  kind = { { 0, "zz", 0 } }
}
{
  event = "msg_showcmd",
  kind = {}
}
{
  event = "msg_showcmd",
  kind = { { 0, "zz", 0 } }
}
{
  event = "msg_showcmd",
  kind = {}
}
{
  event = "msg_showcmd",
  kind = { { 0, "zz", 0 } }
}
{
  event = "msg_showcmd",
  kind = {}
}
{
  event = "msg_showcmd",
  kind = { { 0, "zz", 0 } }
}
{
  event = "msg_showcmd",
  kind = {}
}
{
  event = "msg_showcmd",
  kind = { { 0, "zz", 0 } }
}
{
  event = "msg_showcmd",
  kind = {}
}
{
  event = "msg_showcmd",
  kind = { { 0, "zz", 0 } }
}
{
  event = "msg_showcmd",
  kind = {}
}
{
  event = "msg_showcmd",
  kind = { { 0, "zz", 0 } }
}
{
  event = "msg_showcmd",
  kind = {}
}
{
  event = "msg_showcmd",
  kind = { { 0, "j", 0 } }
}
{
  event = "msg_showcmd",
  kind = {}
}
{
  event = "msg_showcmd",
  kind = { { 0, "w", 0 } }
}
{
  event = "msg_showcmd",
  kind = {}
}
{
  event = "msg_showcmd",
  kind = { { 0, "w", 0 } }
}
{
  event = "msg_showcmd",
  kind = {}
}
{
  event = "msg_showcmd",
  kind = { { 0, "b", 0 } }
}
{
  event = "msg_showcmd",
  kind = {}
}
{
  event = "msg_showcmd",
  kind = { { 0, "b", 0 } }
}
{
  event = "msg_showcmd",
  kind = {}
}
{
  event = "msg_showcmd",
  kind = { { 0, "b", 0 } }
}
{
  event = "msg_showcmd",
  kind = {}
}
{
  event = "msg_showcmd",
  kind = { { 0, "zz", 0 } }
}
{
  event = "msg_showcmd",
  kind = {}
}
{
  event = "msg_showcmd",
  kind = { { 0, "zz", 0 } }
}
{
  event = "msg_showcmd",
  kind = {}
}
{
  event = "msg_showcmd",
  kind = { { 0, "zz", 0 } }
}
{
  event = "msg_showcmd",
  kind = {}
}
{
  event = "msg_showcmd",
  kind = { { 0, "zz", 0 } }
}
{
  event = "msg_showcmd",
  kind = {}
}
{
  event = "msg_showcmd",
  kind = { { 0, "zz", 0 } }
}
{
  event = "msg_showcmd",
  kind = {}
}
{
  event = "msg_showcmd",
  kind = { { 0, "j", 0 } }
}
{
  event = "msg_showcmd",
  kind = {}
}
{
  event = "msg_showcmd",
  kind = { { 0, "j", 0 } }
}
{
  event = "msg_showcmd",
  kind = {}
}
{
  event = "msg_showcmd",
  kind = { { 0, "j", 0 } }
}
{
  event = "msg_showcmd",
  kind = {}
}
{
  event = "msg_showcmd",
  kind = { { 0, "j", 0 } }
}
{
  event = "msg_showcmd",
  kind = {}
}
{
  event = "msg_showcmd",
  kind = { { 0, "j", 0 } }
}
{
  event = "msg_showcmd",
  kind = {}
}
{
  event = "msg_showcmd",
  kind = { { 0, "j", 0 } }
}
{
  event = "msg_showcmd",
  kind = {}
}
{
  event = "msg_showcmd",
  kind = { { 0, "j", 0 } }
}
{
  event = "msg_showcmd",
  kind = {}
}
{
  event = "msg_showcmd",
  kind = { { 0, "j", 0 } }
}
{
  event = "msg_showcmd",
  kind = {}
}
{
  event = "msg_showcmd",
  kind = { { 0, "w", 0 } }
}
{
  event = "msg_showcmd",
  kind = {}
}
{
  event = "msg_showcmd",
  kind = { { 0, "w", 0 } }
}
{
  event = "msg_showcmd",
  kind = {}
}
{
  event = "msg_showcmd",
  kind = { { 0, "w", 0 } }
}
{
  event = "msg_showcmd",
  kind = {}
}
{
  event = "msg_showcmd",
  kind = { { 0, "w", 0 } }
}
{
  event = "msg_showcmd",
  kind = {}
}
{
  event = "msg_showcmd",
  kind = { { 0, "w", 0 } }
}
{
  event = "msg_showcmd",
  kind = {}
}
{
  event = "msg_showcmd",
  kind = { { 0, "w", 0 } }
}
{
  event = "msg_showcmd",
  kind = {}
}
{
  event = "msg_showcmd",
  kind = { { 0, "w", 0 } }
}
{
  event = "msg_showcmd",
  kind = {}
}
{
  event = "msg_showcmd",
  kind = { { 0, "b", 0 } }
}
{
  event = "msg_showcmd",
  kind = {}
}
{
  event = "msg_showcmd",
  kind = { { 0, "b", 0 } }
}
{
  event = "msg_showcmd",
  kind = {}
}
{
  event = "msg_showcmd",
  kind = { { 0, "b", 0 } }
}
{
  event = "msg_showcmd",
  kind = {}
}
{
  event = "msg_showcmd",
  kind = { { 0, "b", 0 } }
}
{
  event = "msg_showcmd",
  kind = {}
}
{
  event = "msg_showcmd",
  kind = { { 0, "b", 0 } }
}
{
  event = "msg_showcmd",
  kind = {}
}
{
  event = "msg_showcmd",
  kind = { { 0, "k", 0 } }
}
{
  event = "msg_showcmd",
  kind = {}
}
{
  event = "msg_showcmd",
  kind = { { 0, "b", 0 } }
}
{
  event = "msg_showcmd",
  kind = {}
}
{
  event = "msg_showcmd",
  kind = { { 0, "b", 0 } }
}
{
  event = "msg_showcmd",
  kind = {}
}
{
  event = "msg_showcmd",
  kind = { { 0, "w", 0 } }
}
{
  event = "msg_showcmd",
  kind = {}
}
{
  event = "msg_showcmd",
  kind = { { 0, "w", 0 } }
}
{
  event = "msg_showcmd",
  kind = {}
}
{
  event = "msg_showcmd",
  kind = { { 0, "j", 0 } }
}
{
  event = "msg_showcmd",
  kind = {}
}
{
  event = "msg_showcmd",
  kind = { { 0, "j", 0 } }
}
{
  event = "msg_showcmd",
  kind = {}
}
{
  event = "msg_showcmd",
  kind = { { 0, "w", 0 } }
}
{
  event = "msg_showcmd",
  kind = {}
}
{
  event = "msg_showcmd",
  kind = { { 0, "k", 0 } }
}
{
  event = "msg_showcmd",
  kind = {}
}
{
  event = "msg_showcmd",
  kind = { { 0, "k", 0 } }
}
{
  event = "msg_showcmd",
  kind = {}
}
{
  event = "msg_showcmd",
  kind = { { 0, "w", 0 } }
}
{
  event = "msg_showcmd",
  kind = {}
}
{
  event = "msg_showcmd",
  kind = { { 0, "w", 0 } }
}
{
  event = "msg_showcmd",
  kind = {}
}
{
  event = "msg_showcmd",
  kind = { { 0, "k", 0 } }
}
{
  event = "msg_showcmd",
  kind = {}
}
{
  event = "msg_showcmd",
  kind = { { 0, "k", 0 } }
}
{
  event = "msg_showcmd",
  kind = {}
}
{
  event = "msg_showcmd",
  kind = { { 0, "k", 0 } }
}
{
  event = "msg_showcmd",
  kind = {}
}
{
  event = "msg_showcmd",
  kind = { { 0, "j", 0 } }
}
{
  event = "msg_showcmd",
  kind = {}
}
{
  event = "msg_showcmd",
  kind = { { 0, "j", 0 } }
}
{
  event = "msg_showcmd",
  kind = {}
}
{
  event = "msg_showcmd",
  kind = { { 0, "j", 0 } }
}
{
  event = "msg_showcmd",
  kind = {}
}
{
  event = "msg_showcmd",
  kind = { { 0, ":", 0 } }
}
{ 0, ":", "", 0, 1, 0,
  event = "cmdline_show",
  kind = { { 0, "" } }
}
{ 1, ":", "", 0, 1, 0,
  event = "cmdline_show",
  kind = { { 0, "q" } }
}
{ false,
  event = "cmdline_hide",
  kind = 1
}
{
  event = "msg_showcmd",
  kind = {}
}
{
  event = "msg_showcmd",
  kind = { { 0, "j", 0 } }
}
{
  event = "msg_showcmd",
  kind = {}
}
{
  event = "msg_showcmd",
  kind = { { 0, "j", 0 } }
}
{
  event = "msg_showcmd",
  kind = {}
}
{
  event = "msg_showcmd",
  kind = { { 0, "j", 0 } }
}
{
  event = "msg_showcmd",
  kind = {}
}
{
  event = "msg_showcmd",
  kind = { { 0, "j", 0 } }
}
{
  event = "msg_showcmd",
  kind = {}
}
{
  event = "msg_showcmd",
  kind = { { 0, "k", 0 } }
}
{
  event = "msg_showcmd",
  kind = {}
}
{
  event = "msg_showcmd",
  kind = { { 0, "w", 0 } }
}
{
  event = "msg_showcmd",
  kind = {}
}
{
  event = "msg_showcmd",
  kind = { { 0, "w", 0 } }
}
{
  event = "msg_showcmd",
  kind = {}
}
{
  event = "msg_showcmd",
  kind = { { 0, "b", 0 } }
}
{
  event = "msg_showcmd",
  kind = {}
}
{
  event = "msg_showcmd",
  kind = { { 0, "b", 0 } }
}
{
  event = "msg_showcmd",
  kind = {}
}
{
  event = "msg_showcmd",
  kind = { { 0, "b", 0 } }
}
{
  event = "msg_showcmd",
  kind = {}
}
{
  event = "msg_showcmd",
  kind = { { 0, "b", 0 } }
}
{
  event = "msg_showcmd",
  kind = {}
}
{
  event = "msg_showcmd",
  kind = { { 0, "k", 0 } }
}
{
  event = "msg_showcmd",
  kind = {}
}
{
  event = "msg_showcmd",
  kind = { { 0, "w", 0 } }
}
{
  event = "msg_showcmd",
  kind = {}
}
{
  event = "msg_showcmd",
  kind = { { 0, "w", 0 } }
}
{
  event = "msg_showcmd",
  kind = {}
}
{
  event = "msg_showcmd",
  kind = { { 0, "w", 0 } }
}
{
  event = "msg_showcmd",
  kind = {}
}
{
  event = "msg_showcmd",
  kind = { { 0, "k", 0 } }
}
{
  event = "msg_showcmd",
  kind = {}
}
{
  event = "msg_showcmd",
  kind = { { 0, "b", 0 } }
}
{
  event = "msg_showcmd",
  kind = {}
}
{
  event = "msg_showcmd",
  kind = { { 0, "d", 0 } }
}
{
  event = "msg_showcmd",
  kind = {}
}
{
  event = "msg_showcmd",
  kind = { { 0, "dw", 0 } }
}
{
  event = "msg_showcmd",
  kind = {}
}
{
  event = "msg_showcmd",
  kind = { { 0, "i", 0 } }
}
{
  event = "msg_showcmd",
  kind = {}
}
{
  event = "msg_showcmd",
  kind = { { 0, "b", 0 } }
}
{
  event = "msg_showcmd",
  kind = {}
}
{
  event = "msg_showcmd",
  kind = { { 0, "u", 0 } }
}
{ { { 0, "1 change; before #140  11 seconds ago", 0 } }, false, true,
  event = "msg_show",
  kind = "undo"
}
{
  event = "msg_showcmd",
  kind = {}
}
{
  event = "msg_showcmd",
  kind = { { 0, "u", 0 } }
}
{ { { 0, "1 change; before #139  15 seconds ago", 0 } }, true, true,
  event = "msg_show",
  kind = "undo"
}
{
  event = "msg_showcmd",
  kind = {}
}
{
  event = "msg_showcmd",
  kind = { { 0, "u", 0 } }
}
{ { { 0, "1 change; before #138  15 seconds ago", 0 } }, true, true,
  event = "msg_show",
  kind = "undo"
}
{
  event = "msg_showcmd",
  kind = {}
}
{
  event = "msg_showcmd",
  kind = { { 0, "j", 0 } }
}
{
  event = "msg_showcmd",
  kind = {}
}
{
  event = "msg_showcmd",
  kind = { { 0, "j", 0 } }
}
{
  event = "msg_showcmd",
  kind = {}
}
{
  event = "msg_showcmd",
  kind = { { 0, "k", 0 } }
}
{
  event = "msg_showcmd",
  kind = {}
}
{
  event = "msg_showcmd",
  kind = { { 0, "k", 0 } }
}
{
  event = "msg_showcmd",
  kind = {}
}
{
  event = "msg_showcmd",
  kind = { { 0, "j", 0 } }
}
{
  event = "msg_showcmd",
  kind = {}
}
{
  event = "msg_showcmd",
  kind = { { 0, "j", 0 } }
}
{
  event = "msg_showcmd",
  kind = {}
}
{
  event = "msg_showcmd",
  kind = { { 0, ":", 0 } }
}
{
  event = "msg_clear"
}
{ 0, ":", "", 0, 1, 0,
  event = "cmdline_show",
  kind = { { 0, "" } }
}
{ 1, ":", "", 0, 1, 0,
  event = "cmdline_show",
  kind = { { 0, "q" } }
}
{ 25, ":", "", 0, 1, 0,
  event = "cmdline_show",
  kind = { { 0, "help mason-lspconfig.nvim" } }
}
{ false,
  event = "cmdline_hide",
  kind = 1
}
{
  event = "msg_showcmd",
  kind = {}
}
{
  event = "msg_showcmd",
  kind = { { 0, "/", 0 } }
}
{ 0, "/", "", 0, 1, 0,
  event = "cmdline_show",
  kind = { { 0, "" } }
}
{ 1, "/", "", 0, 1, 0,
  event = "cmdline_show",
  kind = { { 0, "h" } }
}
{ 1, "/", "", 0, 1, 0,
  event = "cmdline_show",
  kind = { { 0, "h" } }
}
{ 2, "/", "", 0, 1, 0,
  event = "cmdline_show",
  kind = { { 0, "ha" } }
}
{ 2, "/", "", 0, 1, 0,
  event = "cmdline_show",
  kind = { { 0, "ha" } }
}
{ 3, "/", "", 0, 1, 0,
  event = "cmdline_show",
  kind = { { 0, "han" } }
}
{ 3, "/", "", 0, 1, 0,
  event = "cmdline_show",
  kind = { { 0, "han" } }
}
{ 4, "/", "", 0, 1, 0,
  event = "cmdline_show",
  kind = { { 0, "hand" } }
}
{ 4, "/", "", 0, 1, 0,
  event = "cmdline_show",
  kind = { { 0, "hand" } }
}
{ 5, "/", "", 0, 1, 0,
  event = "cmdline_show",
  kind = { { 0, "handl" } }
}
{ 5, "/", "", 0, 1, 0,
  event = "cmdline_show",
  kind = { { 0, "handl" } }
}
{ 6, "/", "", 0, 1, 0,
  event = "cmdline_show",
  kind = { { 0, "handle" } }
}
{ 6, "/", "", 0, 1, 0,
  event = "cmdline_show",
  kind = { { 0, "handle" } }
}
{ 7, "/", "", 0, 1, 0,
  event = "cmdline_show",
  kind = { { 0, "handler" } }
}
{ 7, "/", "", 0, 1, 0,
  event = "cmdline_show",
  kind = { { 0, "handler" } }
}
{ false,
  event = "cmdline_hide",
  kind = 1
}
{ { { 0, "/handler             ", 0 } }, false, false,
  event = "msg_show",
  kind = "search_cmd"
}
{ { { 100, "E486: Pattern not found: handler", 6 } }, false, true,
  event = "msg_show",
  kind = "emsg"
}
{
  event = "msg_clear"
}
{
  event = "msg_showcmd",
  kind = {}
}
{
  event = "msg_showcmd",
  kind = { { 0, "n", 0 } }
}
{ { { 0, "/handler             ", 0 } }, false, false,
  event = "msg_show",
  kind = "search_cmd"
}
{ { { 100, "E486: Pattern not found: handler", 6 } }, false, true,
  event = "msg_show",
  kind = "emsg"
}
{
  event = "msg_clear"
}
{
  event = "msg_showcmd",
  kind = {}
}
{
  event = "msg_showcmd",
  kind = { { 0, "j", 0 } }
}
{
  event = "msg_showcmd",
  kind = {}
}
{
  event = "msg_showcmd",
  kind = { { 0, "j", 0 } }
}
{
  event = "msg_showcmd",
  kind = {}
}
{
  event = "msg_showcmd",
  kind = { { 0, "j", 0 } }
}
{
  event = "msg_showcmd",
  kind = {}
}
{
  event = "msg_showcmd",
  kind = { { 0, ":", 0 } }
}
{ 0, ":", "", 0, 1, 0,
  event = "cmdline_show",
  kind = { { 0, "" } }
}
{ true,
  event = "cmdline_hide",
  kind = 1
}
{
  event = "msg_showcmd",
  kind = {}
}
{
  event = "msg_showcmd",
  kind = { { 0, "/", 0 } }
}
{ 0, "/", "", 0, 1, 0,
  event = "cmdline_show",
  kind = { { 0, "" } }
}
{ 1, "/", "", 0, 1, 0,
  event = "cmdline_show",
  kind = { { 0, "h" } }
}
{ 1, "/", "", 0, 1, 0,
  event = "cmdline_show",
  kind = { { 0, "h" } }
}
{ 2, "/", "", 0, 1, 0,
  event = "cmdline_show",
  kind = { { 0, "ha" } }
}
{ 2, "/", "", 0, 1, 0,
  event = "cmdline_show",
  kind = { { 0, "ha" } }
}
{ 3, "/", "", 0, 1, 0,
  event = "cmdline_show",
  kind = { { 0, "han" } }
}
{ 3, "/", "", 0, 1, 0,
  event = "cmdline_show",
  kind = { { 0, "han" } }
}
{ 2, "/", "", 0, 1, 0,
  event = "cmdline_show",
  kind = { { 0, "ha" } }
}
{ 2, "/", "", 0, 1, 0,
  event = "cmdline_show",
  kind = { { 0, "ha" } }
}
{ 3, "/", "", 0, 1, 0,
  event = "cmdline_show",
  kind = { { 0, "haa" } }
}
{ 3, "/", "", 0, 1, 0,
  event = "cmdline_show",
  kind = { { 0, "haa" } }
}
{ 2, "/", "", 0, 1, 0,
  event = "cmdline_show",
  kind = { { 0, "ha" } }
}
{ 2, "/", "", 0, 1, 0,
  event = "cmdline_show",
  kind = { { 0, "ha" } }
}
{ 3, "/", "", 0, 1, 0,
  event = "cmdline_show",
  kind = { { 0, "han" } }
}
{ 3, "/", "", 0, 1, 0,
  event = "cmdline_show",
  kind = { { 0, "han" } }
}
{ 4, "/", "", 0, 1, 0,
  event = "cmdline_show",
  kind = { { 0, "hand" } }
}
{ 4, "/", "", 0, 1, 0,
  event = "cmdline_show",
  kind = { { 0, "hand" } }
}
{ 5, "/", "", 0, 1, 0,
  event = "cmdline_show",
  kind = { { 0, "handl" } }
}
{ 5, "/", "", 0, 1, 0,
  event = "cmdline_show",
  kind = { { 0, "handl" } }
}
{ 6, "/", "", 0, 1, 0,
  event = "cmdline_show",
  kind = { { 0, "handle" } }
}
{ 6, "/", "", 0, 1, 0,
  event = "cmdline_show",
  kind = { { 0, "handle" } }
}
{ 7, "/", "", 0, 1, 0,
  event = "cmdline_show",
  kind = { { 0, "handler" } }
}
{ 7, "/", "", 0, 1, 0,
  event = "cmdline_show",
  kind = { { 0, "handler" } }
}
{ false,
  event = "cmdline_hide",
  kind = 1
}
{ { { 0, "/handler             ", 0 } }, false, false,
  event = "msg_show",
  kind = "search_cmd"
}
{ { { 100, "E486: Pattern not found: handler", 6 } }, false, true,
  event = "msg_show",
  kind = "emsg"
}
{
  event = "msg_clear"
}
{
  event = "msg_showcmd",
  kind = {}
}
{
  event = "msg_showcmd",
  kind = { { 0, "n", 0 } }
}
{ { { 0, "/handler             ", 0 } }, false, false,
  event = "msg_show",
  kind = "search_cmd"
}
{ { { 100, "E486: Pattern not found: handler", 6 } }, false, true,
  event = "msg_show",
  kind = "emsg"
}
{
  event = "msg_clear"
}
{
  event = "msg_showcmd",
  kind = {}
}
{
  event = "msg_showcmd",
  kind = { { 0, "n", 0 } }
}
{ { { 0, "/handler             ", 0 } }, false, false,
  event = "msg_show",
  kind = "search_cmd"
}
{ { { 100, "E486: Pattern not found: handler", 6 } }, false, true,
  event = "msg_show",
  kind = "emsg"
}
{
  event = "msg_clear"
}
{
  event = "msg_showcmd",
  kind = {}
}
{
  event = "msg_showcmd",
  kind = { { 0, "n", 0 } }
}
{ { { 0, "/handler             ", 0 } }, false, false,
  event = "msg_show",
  kind = "search_cmd"
}
{ { { 100, "E486: Pattern not found: handler", 6 } }, false, true,
  event = "msg_show",
  kind = "emsg"
}
{
  event = "msg_clear"
}
{
  event = "msg_showcmd",
  kind = {}
}
{
  event = "msg_showcmd",
  kind = { { 0, "j", 0 } }
}
{
  event = "msg_showcmd",
  kind = {}
}
{
  event = "msg_showcmd",
  kind = { { 0, "j", 0 } }
}
{
  event = "msg_showcmd",
  kind = {}
}
{
  event = "msg_showcmd",
  kind = { { 0, "zz", 0 } }
}
{
  event = "msg_showcmd",
  kind = {}
}
{
  event = "msg_showcmd",
  kind = { { 0, "zz", 0 } }
}
{
  event = "msg_showcmd",
  kind = {}
}
{
  event = "msg_showcmd",
  kind = { { 0, "zz", 0 } }
}
{
  event = "msg_showcmd",
  kind = {}
}
{
  event = "msg_showcmd",
  kind = { { 0, "zz", 0 } }
}
{
  event = "msg_showcmd",
  kind = {}
}
{
  event = "msg_showcmd",
  kind = { { 0, "k", 0 } }
}
{
  event = "msg_showcmd",
  kind = {}
}
{
  event = "msg_showcmd",
  kind = { { 0, "k", 0 } }
}
{
  event = "msg_showcmd",
  kind = {}
}
{
  event = "msg_showcmd",
  kind = { { 0, "k", 0 } }
}
{
  event = "msg_showcmd",
  kind = {}
}
{
  event = "msg_showcmd",
  kind = { { 0, "k", 0 } }
}
{
  event = "msg_showcmd",
  kind = {}
}
{
  event = "msg_showcmd",
  kind = { { 0, "w", 0 } }
}
{
  event = "msg_showcmd",
  kind = {}
}
{
  event = "msg_showcmd",
  kind = { { 0, "w", 0 } }
}
{
  event = "msg_showcmd",
  kind = {}
}
{
  event = "msg_showcmd",
  kind = { { 0, "g", 0 } }
}
{
  event = "msg_showcmd",
  kind = {}
}
{
  event = "msg_showcmd",
  kind = { { 0, "w", 0 } }
}
{
  event = "msg_showcmd",
  kind = {}
}
{
  event = "msg_showcmd",
  kind = { { 0, "w", 0 } }
}
{
  event = "msg_showcmd",
  kind = {}
}
{
  event = "msg_showcmd",
  kind = { { 0, "w", 0 } }
}
{
  event = "msg_showcmd",
  kind = {}
}
{
  event = "msg_showcmd",
  kind = { { 0, "b", 0 } }
}
{
  event = "msg_showcmd",
  kind = {}
}
{
  event = "msg_showcmd",
  kind = { { 0, "b", 0 } }
}
{
  event = "msg_showcmd",
  kind = {}
}
{
  event = "msg_showcmd",
  kind = { { 0, "/", 0 } }
}
{ 0, "/", "", 0, 1, 0,
  event = "cmdline_show",
  kind = { { 0, "" } }
}
{ 1, "/", "", 0, 1, 0,
  event = "cmdline_show",
  kind = { { 0, "h" } }
}
{ 1, "/", "", 0, 1, 0,
  event = "cmdline_show",
  kind = { { 0, "h" } }
}
{ 2, "/", "", 0, 1, 0,
  event = "cmdline_show",
  kind = { { 0, "he" } }
}
{ 2, "/", "", 0, 1, 0,
  event = "cmdline_show",
  kind = { { 0, "he" } }
}
{ 3, "/", "", 0, 1, 0,
  event = "cmdline_show",
  kind = { { 0, "hel" } }
}
{ 3, "/", "", 0, 1, 0,
  event = "cmdline_show",
  kind = { { 0, "hel" } }
}
{ 4, "/", "", 0, 1, 0,
  event = "cmdline_show",
  kind = { { 0, "help" } }
}
{ 4, "/", "", 0, 1, 0,
  event = "cmdline_show",
  kind = { { 0, "help" } }
}
{ true,
  event = "cmdline_hide",
  kind = 1
}
{
  event = "msg_showcmd",
  kind = {}
}
{
  event = "msg_showcmd",
  kind = { { 0, "j", 0 } }
}
{
  event = "msg_showcmd",
  kind = {}
}
{
  event = "msg_showcmd",
  kind = { { 0, "k", 0 } }
}
{
  event = "msg_showcmd",
  kind = {}
}
{
  event = "msg_showcmd",
  kind = { { 0, "/", 0 } }
}
{ 0, "/", "", 0, 1, 0,
  event = "cmdline_show",
  kind = { { 0, "" } }
}
{ true,
  event = "cmdline_hide",
  kind = 1
}
{
  event = "msg_showcmd",
  kind = {}
}
{
  event = "msg_showcmd",
  kind = { { 0, ":", 0 } }
}
{ 0, ":", "", 0, 1, 0,
  event = "cmdline_show",
  kind = { { 0, "" } }
}
{ 1, ":", "", 0, 1, 0,
  event = "cmdline_show",
  kind = { { 0, "h" } }
}
{ 2, ":", "", 0, 1, 0,
  event = "cmdline_show",
  kind = { { 0, "he" } }
}
{ 3, ":", "", 0, 1, 0,
  event = "cmdline_show",
  kind = { { 0, "hel" } }
}
{ 4, ":", "", 0, 1, 0,
  event = "cmdline_show",
  kind = { { 0, "help" } }
}
{ 5, ":", "", 0, 1, 0,
  event = "cmdline_show",
  kind = { { 0, "help " } }
}
{ 6, ":", "", 0, 1, 0,
  event = "cmdline_show",
  kind = { { 0, "help m" } }
}
{ 7, ":", "", 0, 1, 0,
  event = "cmdline_show",
  kind = { { 0, "help ma" } }
}
{ 8, ":", "", 0, 1, 0,
  event = "cmdline_show",
  kind = { { 0, "help mas" } }
}
{ 9, ":", "", 0, 1, 0,
  event = "cmdline_show",
  kind = { { 0, "help maso" } }
}
{ 10, ":", "", 0, 1, 0,
  event = "cmdline_show",
  kind = { { 0, "help mason" } }
}
{ 11, ":", "", 0, 1, 0,
  event = "cmdline_show",
  kind = { { 0, "help mason-" } }
}
{ 12, ":", "", 0, 1, 0,
  event = "cmdline_show",
  kind = { { 0, "help mason-l" } }
}
{ 13, ":", "", 0, 1, 0,
  event = "cmdline_show",
  kind = { { 0, "help mason-ls" } }
}
{ 14, ":", "", 0, 1, 0,
  event = "cmdline_show",
  kind = { { 0, "help mason-lsp" } }
}
{ 15, ":", "", 0, 1, 0,
  event = "cmdline_show",
  kind = { { 0, "help mason-lspc" } }
}
{ 16, ":", "", 0, 1, 0,
  event = "cmdline_show",
  kind = { { 0, "help mason-lspco" } }
}
{ 17, ":", "", 0, 1, 0,
  event = "cmdline_show",
  kind = { { 0, "help mason-lspcon" } }
}
{ 18, ":", "", 0, 1, 0,
  event = "cmdline_show",
  kind = { { 0, "help mason-lspconf" } }
}
{ 19, ":", "", 0, 1, 0,
  event = "cmdline_show",
  kind = { { 0, "help mason-lspconfi" } }
}
{ 20, ":", "", 0, 1, 0,
  event = "cmdline_show",
  kind = { { 0, "help mason-lspconfig" } }
}
{ 21, ":", "", 0, 1, 0,
  event = "cmdline_show",
  kind = { { 0, "help mason-lspconfig-" } }
}
{ 22, ":", "", 0, 1, 0,
  event = "cmdline_show",
  kind = { { 0, "help mason-lspconfig-s" } }
}
{ 23, ":", "", 0, 1, 0,
  event = "cmdline_show",
  kind = { { 0, "help mason-lspconfig-se" } }
}
{ 24, ":", "", 0, 1, 0,
  event = "cmdline_show",
  kind = { { 0, "help mason-lspconfig-set" } }
}
{ 25, ":", "", 0, 1, 0,
  event = "cmdline_show",
  kind = { { 0, "help mason-lspconfig-sett" } }
}
{ 26, ":", "", 0, 1, 0,
  event = "cmdline_show",
  kind = { { 0, "help mason-lspconfig-setti" } }
}
{ 27, ":", "", 0, 1, 0,
  event = "cmdline_show",
  kind = { { 0, "help mason-lspconfig-settin" } }
}
{ 28, ":", "", 0, 1, 0,
  event = "cmdline_show",
  kind = { { 0, "help mason-lspconfig-setting" } }
}
{ 29, ":", "", 0, 1, 0,
  event = "cmdline_show",
  kind = { { 0, "help mason-lspconfig-settings" } }
}
{ false,
  event = "cmdline_hide",
  kind = 1
}
{
  event = "msg_showcmd",
  kind = {}
}
{
  event = "msg_showcmd",
  kind = { { 0, "j", 0 } }
}
{
  event = "msg_showcmd",
  kind = {}
}
{
  event = "msg_showcmd",
  kind = { { 0, "j", 0 } }
}
{
  event = "msg_showcmd",
  kind = {}
}
{
  event = "msg_showcmd",
  kind = { { 0, "k", 0 } }
}
{
  event = "msg_showcmd",
  kind = {}
}
{
  event = "msg_showcmd",
  kind = { { 0, "k", 0 } }
}
{
  event = "msg_showcmd",
  kind = {}
}
{
  event = "msg_showcmd",
  kind = { { 0, "k", 0 } }
}
{
  event = "msg_showcmd",
  kind = {}
}
{
  event = "msg_showcmd",
  kind = { { 0, "k", 0 } }
}
{
  event = "msg_showcmd",
  kind = {}
}
{
  event = "msg_showcmd",
  kind = { { 0, "k", 0 } }
}
{
  event = "msg_showcmd",
  kind = {}
}
{
  event = "msg_showcmd",
  kind = { { 0, "j", 0 } }
}
{
  event = "msg_showcmd",
  kind = {}
}
{
  event = "msg_showcmd",
  kind = { { 0, "j", 0 } }
}
{
  event = "msg_showcmd",
  kind = {}
}
{
  event = "msg_showcmd",
  kind = { { 0, "j", 0 } }
}
{
  event = "msg_showcmd",
  kind = {}
}
{
  event = "msg_showcmd",
  kind = { { 0, "j", 0 } }
}
{
  event = "msg_showcmd",
  kind = {}
}
{
  event = "msg_showcmd",
  kind = { { 0, "j", 0 } }
}
{
  event = "msg_showcmd",
  kind = {}
}
{
  event = "msg_showcmd",
  kind = { { 0, "j", 0 } }
}
{
  event = "msg_showcmd",
  kind = {}
}
{
  event = "msg_showcmd",
  kind = { { 0, "j", 0 } }
}
{
  event = "msg_showcmd",
  kind = {}
}
{
  event = "msg_showcmd",
  kind = { { 0, "j", 0 } }
}
{
  event = "msg_showcmd",
  kind = {}
}
{
  event = "msg_showcmd",
  kind = { { 0, "j", 0 } }
}
{
  event = "msg_showcmd",
  kind = {}
}
{
  event = "msg_showcmd",
  kind = { { 0, "j", 0 } }
}
{
  event = "msg_showcmd",
  kind = {}
}
{
  event = "msg_showcmd",
  kind = { { 0, "j", 0 } }
}
{
  event = "msg_showcmd",
  kind = {}
}
{
  event = "msg_showcmd",
  kind = { { 0, "j", 0 } }
}
{
  event = "msg_showcmd",
  kind = {}
}
{
  event = "msg_showcmd",
  kind = { { 0, "j", 0 } }
}
{
  event = "msg_showcmd",
  kind = {}
}
{
  event = "msg_showcmd",
  kind = { { 0, "j", 0 } }
}
{
  event = "msg_showcmd",
  kind = {}
}
{
  event = "msg_showcmd",
  kind = { { 0, "j", 0 } }
}
{
  event = "msg_showcmd",
  kind = {}
}
{
  event = "msg_showcmd",
  kind = { { 0, "j", 0 } }
}
{
  event = "msg_showcmd",
  kind = {}
}
{
  event = "msg_showcmd",
  kind = { { 0, "j", 0 } }
}
{
  event = "msg_showcmd",
  kind = {}
}
{
  event = "msg_showcmd",
  kind = { { 0, "j", 0 } }
}
{
  event = "msg_showcmd",
  kind = {}
}
{
  event = "msg_showcmd",
  kind = { { 0, "j", 0 } }
}
{
  event = "msg_showcmd",
  kind = {}
}
{
  event = "msg_showcmd",
  kind = { { 0, "j", 0 } }
}
{
  event = "msg_showcmd",
  kind = {}
}
{
  event = "msg_showcmd",
  kind = { { 0, "j", 0 } }
}
{
  event = "msg_showcmd",
  kind = {}
}
{
  event = "msg_showcmd",
  kind = { { 0, "j", 0 } }
}
{
  event = "msg_showcmd",
  kind = {}
}
{
  event = "msg_showcmd",
  kind = { { 0, "j", 0 } }
}
{
  event = "msg_showcmd",
  kind = {}
}
{
  event = "msg_showcmd",
  kind = { { 0, "j", 0 } }
}
{
  event = "msg_showcmd",
  kind = {}
}
{
  event = "msg_showcmd",
  kind = { { 0, "j", 0 } }
}
{
  event = "msg_showcmd",
  kind = {}
}
{
  event = "msg_showcmd",
  kind = { { 0, "j", 0 } }
}
{
  event = "msg_showcmd",
  kind = {}
}
{
  event = "msg_showcmd",
  kind = { { 0, "j", 0 } }
}
{
  event = "msg_showcmd",
  kind = {}
}
{
  event = "msg_showcmd",
  kind = { { 0, "j", 0 } }
}
{
  event = "msg_showcmd",
  kind = {}
}
{
  event = "msg_showcmd",
  kind = { { 0, "j", 0 } }
}
{
  event = "msg_showcmd",
  kind = {}
}
{
  event = "msg_showcmd",
  kind = { { 0, "j", 0 } }
}
{
  event = "msg_showcmd",
  kind = {}
}
{
  event = "msg_showcmd",
  kind = { { 0, "j", 0 } }
}
{
  event = "msg_showcmd",
  kind = {}
}
{
  event = "msg_showcmd",
  kind = { { 0, "j", 0 } }
}
{
  event = "msg_showcmd",
  kind = {}
}
{
  event = "msg_showcmd",
  kind = { { 0, "j", 0 } }
}
{
  event = "msg_showcmd",
  kind = {}
}
{
  event = "msg_showcmd",
  kind = { { 0, "j", 0 } }
}
{
  event = "msg_showcmd",
  kind = {}
}
{
  event = "msg_showcmd",
  kind = { { 0, "j", 0 } }
}
{
  event = "msg_showcmd",
  kind = {}
}
{
  event = "msg_showcmd",
  kind = { { 0, "j", 0 } }
}
{
  event = "msg_showcmd",
  kind = {}
}
{
  event = "msg_showcmd",
  kind = { { 0, "j", 0 } }
}
{
  event = "msg_showcmd",
  kind = {}
}
{
  event = "msg_showcmd",
  kind = { { 0, "j", 0 } }
}
{
  event = "msg_showcmd",
  kind = {}
}
{
  event = "msg_showcmd",
  kind = { { 0, "j", 0 } }
}
{
  event = "msg_showcmd",
  kind = {}
}
{
  event = "msg_showcmd",
  kind = { { 0, "j", 0 } }
}
{
  event = "msg_showcmd",
  kind = {}
}
{
  event = "msg_showcmd",
  kind = { { 0, "j", 0 } }
}
{
  event = "msg_showcmd",
  kind = {}
}
{
  event = "msg_showcmd",
  kind = { { 0, "j", 0 } }
}
{
  event = "msg_showcmd",
  kind = {}
}
{
  event = "msg_showcmd",
  kind = { { 0, "j", 0 } }
}
{
  event = "msg_showcmd",
  kind = {}
}
{
  event = "msg_showcmd",
  kind = { { 0, "j", 0 } }
}
{
  event = "msg_showcmd",
  kind = {}
}
{
  event = "msg_showcmd",
  kind = { { 0, "j", 0 } }
}
{
  event = "msg_showcmd",
  kind = {}
}
{
  event = "msg_showcmd",
  kind = { { 0, "j", 0 } }
}
{
  event = "msg_showcmd",
  kind = {}
}
{
  event = "msg_showcmd",
  kind = { { 0, "j", 0 } }
}
{
  event = "msg_showcmd",
  kind = {}
}
{
  event = "msg_showcmd",
  kind = { { 0, "j", 0 } }
}
{
  event = "msg_showcmd",
  kind = {}
}
{
  event = "msg_showcmd",
  kind = { { 0, "j", 0 } }
}
{
  event = "msg_showcmd",
  kind = {}
}
{
  event = "msg_showcmd",
  kind = { { 0, "j", 0 } }
}
{
  event = "msg_showcmd",
  kind = {}
}
{
  event = "msg_showcmd",
  kind = { { 0, "j", 0 } }
}
{
  event = "msg_showcmd",
  kind = {}
}
{
  event = "msg_showcmd",
  kind = { { 0, "j", 0 } }
}
{
  event = "msg_showcmd",
  kind = {}
}
{
  event = "msg_showcmd",
  kind = { { 0, "j", 0 } }
}
{
  event = "msg_showcmd",
  kind = {}
}
{
  event = "msg_showcmd",
  kind = { { 0, "j", 0 } }
}
{
  event = "msg_showcmd",
  kind = {}
}
{
  event = "msg_showcmd",
  kind = { { 0, "j", 0 } }
}
{
  event = "msg_showcmd",
  kind = {}
}
{
  event = "msg_showcmd",
  kind = { { 0, "j", 0 } }
}
{
  event = "msg_showcmd",
  kind = {}
}
{
  event = "msg_showcmd",
  kind = { { 0, "j", 0 } }
}
{
  event = "msg_showcmd",
  kind = {}
}
{
  event = "msg_showcmd",
  kind = { { 0, "j", 0 } }
}
{
  event = "msg_showcmd",
  kind = {}
}
{
  event = "msg_showcmd",
  kind = { { 0, "j", 0 } }
}
{
  event = "msg_showcmd",
  kind = {}
}
{
  event = "msg_showcmd",
  kind = { { 0, "j", 0 } }
}
{
  event = "msg_showcmd",
  kind = {}
}
{
  event = "msg_showcmd",
  kind = { { 0, "j", 0 } }
}
{
  event = "msg_showcmd",
  kind = {}
}
{
  event = "msg_showcmd",
  kind = { { 0, "j", 0 } }
}
{
  event = "msg_showcmd",
  kind = {}
}
{
  event = "msg_showcmd",
  kind = { { 0, "j", 0 } }
}
{
  event = "msg_showcmd",
  kind = {}
}
{
  event = "msg_showcmd",
  kind = { { 0, "j", 0 } }
}
{
  event = "msg_showcmd",
  kind = {}
}
{
  event = "msg_showcmd",
  kind = { { 0, "j", 0 } }
}
{
  event = "msg_showcmd",
  kind = {}
}
{
  event = "msg_showcmd",
  kind = { { 0, "j", 0 } }
}
{
  event = "msg_showcmd",
  kind = {}
}
{
  event = "msg_showcmd",
  kind = { { 0, "j", 0 } }
}
{
  event = "msg_showcmd",
  kind = {}
}
{
  event = "msg_showcmd",
  kind = { { 0, "j", 0 } }
}
{
  event = "msg_showcmd",
  kind = {}
}
{
  event = "msg_showcmd",
  kind = { { 0, "j", 0 } }
}
{
  event = "msg_showcmd",
  kind = {}
}
{
  event = "msg_showcmd",
  kind = { { 0, "j", 0 } }
}
{
  event = "msg_showcmd",
  kind = {}
}
{
  event = "msg_showcmd",
  kind = { { 0, "j", 0 } }
}
{
  event = "msg_showcmd",
  kind = {}
}
{
  event = "msg_showcmd",
  kind = { { 0, "j", 0 } }
}
{
  event = "msg_showcmd",
  kind = {}
}
{
  event = "msg_showcmd",
  kind = { { 0, "j", 0 } }
}
{
  event = "msg_showcmd",
  kind = {}
}
{
  event = "msg_showcmd",
  kind = { { 0, "j", 0 } }
}
{
  event = "msg_showcmd",
  kind = {}
}
{
  event = "msg_showcmd",
  kind = { { 0, "j", 0 } }
}
{
  event = "msg_showcmd",
  kind = {}
}
{
  event = "msg_showcmd",
  kind = { { 0, "k", 0 } }
}
{
  event = "msg_showcmd",
  kind = {}
}
{
  event = "msg_showcmd",
  kind = { { 0, "k", 0 } }
}
{
  event = "msg_showcmd",
  kind = {}
}
{
  event = "msg_showcmd",
  kind = { { 0, "k", 0 } }
}
{
  event = "msg_showcmd",
  kind = {}
}
{
  event = "msg_showcmd",
  kind = { { 0, "k", 0 } }
}
{
  event = "msg_showcmd",
  kind = {}
}
{
  event = "msg_showcmd",
  kind = { { 0, "k", 0 } }
}
{
  event = "msg_showcmd",
  kind = {}
}
{
  event = "msg_showcmd",
  kind = { { 0, "k", 0 } }
}
{
  event = "msg_showcmd",
  kind = {}
}
{
  event = "msg_showcmd",
  kind = { { 0, "k", 0 } }
}
{
  event = "msg_showcmd",
  kind = {}
}
{
  event = "msg_showcmd",
  kind = { { 0, "b", 0 } }
}
{
  event = "msg_showcmd",
  kind = {}
}
{
  event = "msg_showcmd",
  kind = { { 0, "b", 0 } }
}
{
  event = "msg_showcmd",
  kind = {}
}
{
  event = "msg_showcmd",
  kind = { { 0, "b", 0 } }
}
{
  event = "msg_showcmd",
  kind = {}
}
{
  event = "msg_showcmd",
  kind = { { 0, "b", 0 } }
}
{
  event = "msg_showcmd",
  kind = {}
}
{
  event = "msg_showcmd",
  kind = { { 0, "b", 0 } }
}
{
  event = "msg_showcmd",
  kind = {}
}
{
  event = "msg_showcmd",
  kind = { { 0, "w", 0 } }
}
{
  event = "msg_showcmd",
  kind = {}
}
{
  event = "msg_showcmd",
  kind = { { 0, "w", 0 } }
}
{
  event = "msg_showcmd",
  kind = {}
}
{
  event = "msg_showcmd",
  kind = { { 0, "w", 0 } }
}
{
  event = "msg_showcmd",
  kind = {}
}
{
  event = "msg_showcmd",
  kind = { { 0, "w", 0 } }
}
{
  event = "msg_showcmd",
  kind = {}
}
{
  event = "msg_showcmd",
  kind = { { 0, "j", 0 } }
}
{
  event = "msg_showcmd",
  kind = {}
}
{
  event = "msg_showcmd",
  kind = { { 0, "j", 0 } }
}
{
  event = "msg_showcmd",
  kind = {}
}
{
  event = "msg_showcmd",
  kind = { { 0, "j", 0 } }
}
{
  event = "msg_showcmd",
  kind = {}
}
{
  event = "msg_showcmd",
  kind = { { 0, "k", 0 } }
}
{
  event = "msg_showcmd",
  kind = {}
}
{
  event = "msg_showcmd",
  kind = { { 0, "b", 0 } }
}
{
  event = "msg_showcmd",
  kind = {}
}
{
  event = "msg_showcmd",
  kind = { { 0, "w", 0 } }
}
{
  event = "msg_showcmd",
  kind = {}
}
{
  event = "msg_showcmd",
  kind = { { 0, "b", 0 } }
}
{
  event = "msg_showcmd",
  kind = {}
}
{
  event = "msg_showcmd",
  kind = { { 0, "b", 0 } }
}
{
  event = "msg_showcmd",
  kind = {}
}
{
  event = "msg_showcmd",
  kind = { { 0, "w", 0 } }
}
{
  event = "msg_showcmd",
  kind = {}
}
{
  event = "msg_showcmd",
  kind = { { 0, "b", 0 } }
}
{
  event = "msg_showcmd",
  kind = {}
}
{
  event = "msg_showcmd",
  kind = { { 0, "w", 0 } }
}
{
  event = "msg_showcmd",
  kind = {}
}
{
  event = "msg_showcmd",
  kind = { { 0, "j", 0 } }
}
{
  event = "msg_showcmd",
  kind = {}
}
{
  event = "msg_showcmd",
  kind = { { 0, "j", 0 } }
}
{
  event = "msg_showcmd",
  kind = {}
}
{
  event = "msg_showcmd",
  kind = { { 0, "k", 0 } }
}
{
  event = "msg_showcmd",
  kind = {}
}
{
  event = "msg_showcmd",
  kind = { { 0, "V", 0 } }
}
{
  event = "msg_showcmd",
  kind = { { 0, "1", 0 } }
}
{
  event = "msg_showcmd",
  kind = { { 0, "j", 0 } }
}
{
  event = "msg_showcmd",
  kind = { { 0, "2", 0 } }
}
{
  event = "msg_showcmd",
  kind = {}
}
{
  event = "msg_showcmd",
  kind = { { 0, "j", 0 } }
}
{
  event = "msg_showcmd",
  kind = {}
}
{
  event = "msg_showcmd",
  kind = { { 0, "j", 0 } }
}
{
  event = "msg_showcmd",
  kind = {}
}
{
  event = "msg_showcmd",
  kind = { { 0, "j", 0 } }
}
{
  event = "msg_showcmd",
  kind = {}
}
{
  event = "msg_showcmd",
  kind = { { 0, "k", 0 } }
}
{
  event = "msg_showcmd",
  kind = {}
}
{
  event = "msg_showcmd",
  kind = { { 0, "k", 0 } }
}
{
  event = "msg_showcmd",
  kind = {}
}
{
  event = "msg_showcmd",
  kind = { { 0, "k", 0 } }
}
{
  event = "msg_showcmd",
  kind = {}
}
{
  event = "msg_showcmd",
  kind = { { 0, "k", 0 } }
}
{
  event = "msg_showcmd",
  kind = {}
}
{
  event = "msg_showcmd",
  kind = { { 0, "k", 0 } }
}
{
  event = "msg_showcmd",
  kind = {}
}
{
  event = "msg_showcmd",
  kind = { { 0, "k", 0 } }
}
{
  event = "msg_showcmd",
  kind = {}
}
{
  event = "msg_showcmd",
  kind = { { 0, "k", 0 } }
}
{
  event = "msg_showcmd",
  kind = {}
}
{
  event = "msg_showcmd",
  kind = { { 0, "b", 0 } }
}
{
  event = "msg_showcmd",
  kind = {}
}
{
  event = "msg_showcmd",
  kind = { { 0, "b", 0 } }
}
{
  event = "msg_showcmd",
  kind = {}
}
{
  event = "msg_showcmd",
  kind = { { 0, "b", 0 } }
}
{
  event = "msg_showcmd",
  kind = {}
}
{
  event = "msg_showcmd",
  kind = { { 0, "b", 0 } }
}
{
  event = "msg_showcmd",
  kind = {}
}
{
  event = "msg_showcmd",
  kind = { { 0, "w", 0 } }
}
{
  event = "msg_showcmd",
  kind = {}
}
{
  event = "msg_showcmd",
  kind = { { 0, "w", 0 } }
}
{
  event = "msg_showcmd",
  kind = {}
}
{
  event = "msg_showcmd",
  kind = { { 0, "w", 0 } }
}
{
  event = "msg_showcmd",
  kind = {}
}
{
  event = "msg_showcmd",
  kind = { { 0, "b", 0 } }
}
{
  event = "msg_showcmd",
  kind = {}
}
{
  event = "msg_showcmd",
  kind = { { 0, "b", 0 } }
}
{
  event = "msg_showcmd",
  kind = {}
}
{
  event = "msg_showcmd",
  kind = { { 0, "b", 0 } }
}
{
  event = "msg_showcmd",
  kind = {}
}
{
  event = "msg_showcmd",
  kind = { { 0, "w", 0 } }
}
{
  event = "msg_showcmd",
  kind = {}
}
{
  event = "msg_showcmd",
  kind = { { 0, "b", 0 } }
}
{
  event = "msg_showcmd",
  kind = {}
}
{
  event = "msg_showcmd",
  kind = { { 0, "b", 0 } }
}
{
  event = "msg_showcmd",
  kind = {}
}
{
  event = "msg_showcmd",
  kind = { { 0, "b", 0 } }
}
{
  event = "msg_showcmd",
  kind = {}
}
{
  event = "msg_showcmd",
  kind = { { 0, "k", 0 } }
}
{
  event = "msg_showcmd",
  kind = {}
}
{
  event = "msg_showcmd",
  kind = { { 0, "j", 0 } }
}
{
  event = "msg_showcmd",
  kind = {}
}
{
  event = "msg_showcmd",
  kind = { { 0, "j", 0 } }
}
{
  event = "msg_showcmd",
  kind = {}
}
{
  event = "msg_showcmd",
  kind = { { 0, "j", 0 } }
}
{
  event = "msg_showcmd",
  kind = {}
}
{
  event = "msg_showcmd",
  kind = { { 0, "j", 0 } }
}
{
  event = "msg_showcmd",
  kind = {}
}
{
  event = "msg_showcmd",
  kind = { { 0, "q", 0 } }
}
{
  event = "msg_showcmd",
  kind = { { 0, "qj", 0 } }
}
{
  event = "msg_showmode",
  kind = { { 111, "recording @j", 11 } }
}
{
  event = "msg_showcmd",
  kind = {}
}
{
  event = "msg_showcmd",
  kind = { { 0, "j", 0 } }
}
{
  event = "msg_showcmd",
  kind = {}
}
{
  event = "msg_showcmd",
  kind = { { 0, "j", 0 } }
}
{
  event = "msg_showcmd",
  kind = {}
}
{
  event = "msg_showcmd",
  kind = { { 0, "j", 0 } }
}
{
  event = "msg_showcmd",
  kind = {}
}
{
  event = "msg_showcmd",
  kind = { { 0, "j", 0 } }
}
{
  event = "msg_showcmd",
  kind = {}
}
{
  event = "msg_showcmd",
  kind = { { 0, "w", 0 } }
}
{
  event = "msg_showcmd",
  kind = {}
}
{
  event = "msg_showcmd",
  kind = { { 0, "w", 0 } }
}
{
  event = "msg_showcmd",
  kind = {}
}
{
  event = "msg_showcmd",
  kind = { { 0, "w", 0 } }
}
{
  event = "msg_showcmd",
  kind = {}
}
{
  event = "msg_showcmd",
  kind = { { 0, "w", 0 } }
}
{
  event = "msg_showcmd",
  kind = {}
}
{
  event = "msg_showcmd",
  kind = { { 0, "w", 0 } }
}
{
  event = "msg_showcmd",
  kind = {}
}
{
  event = "msg_showcmd",
  kind = { { 0, "w", 0 } }
}
{
  event = "msg_showcmd",
  kind = {}
}
{
  event = "msg_showcmd",
  kind = { { 0, "w", 0 } }
}
{
  event = "msg_showcmd",
  kind = {}
}
{
  event = "msg_showcmd",
  kind = { { 0, "w", 0 } }
}
{
  event = "msg_showcmd",
  kind = {}
}
{
  event = "msg_showcmd",
  kind = { { 0, "j", 0 } }
}
{
  event = "msg_showcmd",
  kind = {}
}
{
  event = "msg_showcmd",
  kind = { { 0, "b", 0 } }
}
{
  event = "msg_showcmd",
  kind = {}
}
{
  event = "msg_showcmd",
  kind = { { 0, "b", 0 } }
}
{
  event = "msg_showcmd",
  kind = {}
}
{
  event = "msg_showcmd",
  kind = { { 0, "b", 0 } }
}
{
  event = "msg_showcmd",
  kind = {}
}
{
  event = "msg_showcmd",
  kind = { { 0, "w", 0 } }
}
{
  event = "msg_showcmd",
  kind = {}
}
{
  event = "msg_showcmd",
  kind = { { 0, "w", 0 } }
}
{
  event = "msg_showcmd",
  kind = {}
}
{
  event = "msg_showcmd",
  kind = { { 0, "w", 0 } }
}
{
  event = "msg_showcmd",
  kind = {}
}
{
  event = "msg_showcmd",
  kind = { { 0, "b", 0 } }
}
{
  event = "msg_showcmd",
  kind = {}
}
{
  event = "msg_showcmd",
  kind = { { 0, "b", 0 } }
}
{
  event = "msg_showcmd",
  kind = {}
}
{
  event = "msg_showcmd",
  kind = { { 0, "b", 0 } }
}
{
  event = "msg_showcmd",
  kind = {}
}
{
  event = "msg_showcmd",
  kind = { { 0, "b", 0 } }
}
{
  event = "msg_showcmd",
  kind = {}
}
{
  event = "msg_showcmd",
  kind = { { 0, "j", 0 } }
}
{
  event = "msg_showcmd",
  kind = {}
}
{
  event = "msg_showcmd",
  kind = { { 0, "b", 0 } }
}
{
  event = "msg_showcmd",
  kind = {}
}
{
  event = "msg_showcmd",
  kind = { { 0, "b", 0 } }
}
{
  event = "msg_showcmd",
  kind = {}
}
{
  event = "msg_showcmd",
  kind = { { 0, "b", 0 } }
}
{
  event = "msg_showcmd",
  kind = {}
}
{
  event = "msg_showcmd",
  kind = { { 0, "j", 0 } }
}
{
  event = "msg_showcmd",
  kind = {}
}
{
  event = "msg_showcmd",
  kind = { { 0, "j", 0 } }
}
{
  event = "msg_showcmd",
  kind = {}
}
{
  event = "msg_showcmd",
  kind = { { 0, "j", 0 } }
}
{
  event = "msg_showcmd",
  kind = {}
}
{
  event = "msg_showcmd",
  kind = { { 0, "j", 0 } }
}
{
  event = "msg_showcmd",
  kind = {}
}
{
  event = "msg_showcmd",
  kind = { { 0, "j", 0 } }
}
{
  event = "msg_showcmd",
  kind = {}
}
{
  event = "msg_showcmd",
  kind = { { 0, "j", 0 } }
}
{
  event = "msg_showcmd",
  kind = {}
}
{
  event = "msg_showcmd",
  kind = { { 0, "w", 0 } }
}
{
  event = "msg_showcmd",
  kind = {}
}
{
  event = "msg_showcmd",
  kind = { { 0, "w", 0 } }
}
{
  event = "msg_showcmd",
  kind = {}
}
{
  event = "msg_showcmd",
  kind = { { 0, "w", 0 } }
}
{
  event = "msg_showcmd",
  kind = {}
}
{
  event = "msg_showcmd",
  kind = { { 0, "w", 0 } }
}
{
  event = "msg_showcmd",
  kind = {}
}
{
  event = "msg_showcmd",
  kind = { { 0, "w", 0 } }
}
{
  event = "msg_showcmd",
  kind = {}
}
{
  event = "msg_showcmd",
  kind = { { 0, "j", 0 } }
}
{
  event = "msg_showcmd",
  kind = {}
}
{
  event = "msg_showcmd",
  kind = { { 0, "j", 0 } }
}
{
  event = "msg_showcmd",
  kind = {}
}
{
  event = "msg_showcmd",
  kind = { { 0, "w", 0 } }
}
{
  event = "msg_showcmd",
  kind = {}
}
{
  event = "msg_showcmd",
  kind = { { 0, "b", 0 } }
}
{
  event = "msg_showcmd",
  kind = {}
}
{
  event = "msg_showcmd",
  kind = { { 0, "w", 0 } }
}
{
  event = "msg_showcmd",
  kind = {}
}
{
  event = "msg_showcmd",
  kind = { { 0, "b", 0 } }
}
{
  event = "msg_showcmd",
  kind = {}
}
{
  event = "msg_showcmd",
  kind = { { 0, "w", 0 } }
}
{
  event = "msg_showcmd",
  kind = {}
}
{
  event = "msg_showcmd",
  kind = { { 0, "b", 0 } }
}
{
  event = "msg_showcmd",
  kind = {}
}
{
  event = "msg_showcmd",
  kind = { { 0, "j", 0 } }
}
{
  event = "msg_showcmd",
  kind = {}
}
{
  event = "msg_showcmd",
  kind = { { 0, "j", 0 } }
}
{
  event = "msg_showcmd",
  kind = {}
}
{
  event = "msg_showcmd",
  kind = { { 0, "b", 0 } }
}
{
  event = "msg_showcmd",
  kind = {}
}
{
  event = "msg_showcmd",
  kind = { { 0, "b", 0 } }
}
{
  event = "msg_showcmd",
  kind = {}
}
{
  event = "msg_showcmd",
  kind = { { 0, "b", 0 } }
}
{
  event = "msg_showcmd",
  kind = {}
}
{
  event = "msg_showcmd",
  kind = { { 0, "w", 0 } }
}
{
  event = "msg_showcmd",
  kind = {}
}
{
  event = "msg_showcmd",
  kind = { { 0, "w", 0 } }
}
{
  event = "msg_showcmd",
  kind = {}
}
{
  event = "msg_showcmd",
  kind = { { 0, "w", 0 } }
}
{
  event = "msg_showcmd",
  kind = {}
}
{
  event = "msg_showcmd",
  kind = { { 0, "w", 0 } }
}
{
  event = "msg_showcmd",
  kind = {}
}
{
  event = "msg_showcmd",
  kind = { { 0, "w", 0 } }
}
{
  event = "msg_showcmd",
  kind = {}
}
{
  event = "msg_showcmd",
  kind = { { 0, "j", 0 } }
}
{
  event = "msg_showcmd",
  kind = {}
}
{
  event = "msg_showcmd",
  kind = { { 0, "j", 0 } }
}
{
  event = "msg_showcmd",
  kind = {}
}
{
  event = "msg_showcmd",
  kind = { { 0, "j", 0 } }
}
{
  event = "msg_showcmd",
  kind = {}
}
{
  event = "msg_showcmd",
  kind = { { 0, "j", 0 } }
}
{
  event = "msg_showcmd",
  kind = {}
}
{
  event = "msg_showcmd",
  kind = { { 0, "j", 0 } }
}
{
  event = "msg_showcmd",
  kind = {}
}
{
  event = "msg_showcmd",
  kind = { { 0, "j", 0 } }
}
{
  event = "msg_showcmd",
  kind = {}
}
{
  event = "msg_showcmd",
  kind = { { 0, "zz", 0 } }
}
{
  event = "msg_showcmd",
  kind = {}
}
{
  event = "msg_showcmd",
  kind = { { 0, "zz", 0 } }
}
{
  event = "msg_showcmd",
  kind = {}
}
{
  event = "msg_showcmd",
  kind = { { 0, "zz", 0 } }
}
{
  event = "msg_showcmd",
  kind = {}
}
{
  event = "msg_showcmd",
  kind = { { 0, "zz", 0 } }
}
{
  event = "msg_showcmd",
  kind = {}
}
{
  event = "msg_showcmd",
  kind = { { 0, "zz", 0 } }
}
{
  event = "msg_showcmd",
  kind = {}
}
{
  event = "msg_showcmd",
  kind = { { 0, "zz", 0 } }
}
{
  event = "msg_showcmd",
  kind = {}
}
{
  event = "msg_showcmd",
  kind = { { 0, "zz", 0 } }
}
{
  event = "msg_showcmd",
  kind = {}
}
{
  event = "msg_showcmd",
  kind = { { 0, "zz", 0 } }
}
{
  event = "msg_showcmd",
  kind = {}
}
{
  event = "msg_showcmd",
  kind = { { 0, "zz", 0 } }
}
{
  event = "msg_showcmd",
  kind = {}
}
{
  event = "msg_showcmd",
  kind = { { 0, ":", 0 } }
}
{ 0, ":", "", 0, 1, 0,
  event = "cmdline_show",
  kind = { { 0, "" } }
}
{
  event = "msg_showmode",
  kind = { { 111, "recording @j", 11 } }
}
{
  event = "msg_showmode",
  kind = { { 111, "recording @j", 11 } }
}
{
  event = "msg_showmode",
  kind = { { 111, "recording @j", 11 } }
}
{
  event = "msg_showmode",
  kind = { { 111, "recording @j", 11 } }
}
{ 1, ":", "", 0, 1, 0,
  event = "cmdline_show",
  kind = { { 0, "q" } }
}
{
  event = "msg_showmode",
  kind = { { 111, "recording @j", 11 } }
}
{ false,
  event = "cmdline_hide",
  kind = 1
}
{
  event = "msg_showcmd",
  kind = {}
}
{
  event = "msg_showmode",
  kind = { { 111, "recording @j", 11 } }
}
{
  event = "msg_showcmd",
  kind = { { 0, "j", 0 } }
}
{
  event = "msg_showcmd",
  kind = {}
}
{
  event = "msg_showcmd",
  kind = { { 0, "j", 0 } }
}
{
  event = "msg_showcmd",
  kind = {}
}
{
  event = "msg_showcmd",
  kind = { { 0, "j", 0 } }
}
{
  event = "msg_showcmd",
  kind = {}
}
{
  event = "msg_showcmd",
  kind = { { 0, "k", 0 } }
}
{
  event = "msg_showcmd",
  kind = {}
}
{
  event = "msg_showcmd",
  kind = { { 0, "k", 0 } }
}
{
  event = "msg_showcmd",
  kind = {}
}
{
  event = "msg_showcmd",
  kind = { { 0, "k", 0 } }
}
{
  event = "msg_showcmd",
  kind = {}
}
{
  event = "msg_showcmd",
  kind = { { 0, "b", 0 } }
}
{
  event = "msg_showcmd",
  kind = {}
}
{
  event = "msg_showcmd",
  kind = { { 0, "b", 0 } }
}
{
  event = "msg_showcmd",
  kind = {}
}
{
  event = "msg_showcmd",
  kind = { { 0, "b", 0 } }
}
{
  event = "msg_showcmd",
  kind = {}
}
{
  event = "msg_showcmd",
  kind = { { 0, "j", 0 } }
}
{
  event = "msg_showcmd",
  kind = {}
}
{
  event = "msg_showcmd",
  kind = { { 0, "k", 0 } }
}
{
  event = "msg_showcmd",
  kind = {}
}
{
  event = "msg_showcmd",
  kind = { { 0, "k", 0 } }
}
{
  event = "msg_showcmd",
  kind = {}
}
{
  event = "msg_showcmd",
  kind = { { 0, "k", 0 } }
}
{
  event = "msg_showcmd",
  kind = {}
}
{
  event = "msg_showcmd",
  kind = { { 0, "w", 0 } }
}
{
  event = "msg_showcmd",
  kind = {}
}
{
  event = "msg_showcmd",
  kind = { { 0, "w", 0 } }
}
{
  event = "msg_showcmd",
  kind = {}
}
{
  event = "msg_showcmd",
  kind = { { 0, "b", 0 } }
}
{
  event = "msg_showcmd",
  kind = {}
}
{
  event = "msg_showcmd",
  kind = { { 0, "b", 0 } }
}
{
  event = "msg_showcmd",
  kind = {}
}
{
  event = "msg_showcmd",
  kind = { { 0, "b", 0 } }
}
{
  event = "msg_showcmd",
  kind = {}
}
{
  event = "msg_showcmd",
  kind = { { 0, "j", 0 } }
}
{
  event = "msg_showcmd",
  kind = {}
}
{
  event = "msg_showcmd",
  kind = { { 0, "zz", 0 } }
}
{
  event = "msg_showcmd",
  kind = {}
}
{
  event = "msg_showcmd",
  kind = { { 0, "zz", 0 } }
}
{
  event = "msg_showcmd",
  kind = {}
}
{
  event = "msg_showcmd",
  kind = { { 0, "j", 0 } }
}
{
  event = "msg_showcmd",
  kind = {}
}
{
  event = "msg_showcmd",
  kind = { { 0, "j", 0 } }
}
{
  event = "msg_showcmd",
  kind = {}
}
{
  event = "msg_showcmd",
  kind = { { 0, "w", 0 } }
}
{
  event = "msg_showcmd",
  kind = {}
}
{
  event = "msg_showcmd",
  kind = { { 0, "w", 0 } }
}
{
  event = "msg_showcmd",
  kind = {}
}
{
  event = "msg_showcmd",
  kind = { { 0, "k", 0 } }
}
{
  event = "msg_showcmd",
  kind = {}
}
{
  event = "msg_showcmd",
  kind = { { 0, "k", 0 } }
}
{
  event = "msg_showcmd",
  kind = {}
}
{
  event = "msg_showcmd",
  kind = { { 0, "zz", 0 } }
}
{
  event = "msg_showcmd",
  kind = {}
}
{
  event = "msg_showcmd",
  kind = { { 0, "zz", 0 } }
}
{
  event = "msg_showcmd",
  kind = {}
}
{
  event = "msg_showcmd",
  kind = { { 0, "zz", 0 } }
}
{
  event = "msg_showcmd",
  kind = {}
}
{
  event = "msg_showcmd",
  kind = { { 0, "zz", 0 } }
}
{
  event = "msg_showcmd",
  kind = {}
}
{
  event = "msg_showcmd",
  kind = { { 0, "zz", 0 } }
}
{
  event = "msg_showcmd",
  kind = {}
}
{
  event = "msg_showcmd",
  kind = { { 0, "zz", 0 } }
}
{
  event = "msg_showcmd",
  kind = {}
}
{
  event = "msg_showcmd",
  kind = { { 0, "zz", 0 } }
}
{
  event = "msg_showcmd",
  kind = {}
}
{
  event = "msg_showcmd",
  kind = { { 0, "zz", 0 } }
}
{
  event = "msg_showcmd",
  kind = {}
}
{
  event = "msg_showcmd",
  kind = { { 0, "zz", 0 } }
}
{
  event = "msg_showcmd",
  kind = {}
}
{
  event = "msg_showcmd",
  kind = { { 0, "zz", 0 } }
}
{
  event = "msg_showcmd",
  kind = {}
}
{
  event = "msg_showcmd",
  kind = { { 0, "zz", 0 } }
}
{
  event = "msg_showcmd",
  kind = {}
}
{
  event = "msg_showcmd",
  kind = { { 0, "j", 0 } }
}
{
  event = "msg_showcmd",
  kind = {}
}
{
  event = "msg_showcmd",
  kind = { { 0, "w", 0 } }
}
{
  event = "msg_showcmd",
  kind = {}
}
{
  event = "msg_showcmd",
  kind = { { 0, "b", 0 } }
}
{
  event = "msg_showcmd",
  kind = {}
}
{
  event = "msg_showcmd",
  kind = { { 0, "b", 0 } }
}
{
  event = "msg_showcmd",
  kind = {}
}
{
  event = "msg_showcmd",
  kind = { { 0, "b", 0 } }
}
{
  event = "msg_showcmd",
  kind = {}
}
{
  event = "msg_showcmd",
  kind = { { 0, "j", 0 } }
}
{
  event = "msg_showcmd",
  kind = {}
}
{
  event = "msg_showcmd",
  kind = { { 0, "j", 0 } }
}
{
  event = "msg_showcmd",
  kind = {}
}
{
  event = "msg_showcmd",
  kind = { { 0, "j", 0 } }
}
{
  event = "msg_showcmd",
  kind = {}
}
{
  event = "msg_showcmd",
  kind = { { 0, "zz", 0 } }
}
{
  event = "msg_showcmd",
  kind = {}
}
{
  event = "msg_showcmd",
  kind = { { 0, "zz", 0 } }
}
{
  event = "msg_showcmd",
  kind = {}
}
{
  event = "msg_showcmd",
  kind = { { 0, "zz", 0 } }
}
{
  event = "msg_showcmd",
  kind = {}
}
{
  event = "msg_showcmd",
  kind = { { 0, "zz", 0 } }
}
{
  event = "msg_showcmd",
  kind = {}
}
{
  event = "msg_showcmd",
  kind = { { 0, "k", 0 } }
}
{
  event = "msg_showcmd",
  kind = {}
}
{
  event = "msg_showcmd",
  kind = { { 0, "o", 0 } }
}
{
  event = "msg_showcmd",
  kind = {}
}
{
  event = "msg_showmode",
  kind = { { 111, "recording @j", 11 } }
}
{
  event = "msg_showcmd",
  kind = { { 0, "k", 0 } }
}
{
  event = "msg_showcmd",
  kind = {}
}
{
  event = "msg_showcmd",
  kind = { { 0, "k", 0 } }
}
{
  event = "msg_showcmd",
  kind = {}
}
{
  event = "msg_showcmd",
  kind = { { 0, ":", 0 } }
}
{ 0, ":", "", 0, 1, 0,
  event = "cmdline_show",
  kind = { { 0, "" } }
}
{
  event = "msg_showmode",
  kind = { { 111, "recording @j", 11 } }
}
{
  event = "msg_showmode",
  kind = { { 111, "recording @j", 11 } }
}
{
  event = "msg_showmode",
  kind = { { 111, "recording @j", 11 } }
}
{
  event = "msg_showmode",
  kind = { { 111, "recording @j", 11 } }
}
{ 1, ":", "", 0, 1, 0,
  event = "cmdline_show",
  kind = { { 0, "w" } }
}
{
  event = "msg_showmode",
  kind = { { 111, "recording @j", 11 } }
}
{ false,
  event = "cmdline_hide",
  kind = 1
}
{ { { 0, '"lua/abdalrahman/plugins/lsp/lspconfig.lua" ', 0 } }, false, false,
  event = "msg_show",
  kind = "bufwrite"
}
{ { { 0, '"lua/abdalrahman/plugins/lsp/lspconfig.lua" 180L, 5302B written', 0 } }, true, true,
  event = "msg_show",
  kind = "bufwrite"
}
{
  event = "msg_showcmd",
  kind = {}
}
{
  event = "msg_showcmd",
  kind = { { 0, "j", 0 } }
}
{
  event = "msg_showcmd",
  kind = {}
}
{
  event = "msg_showcmd",
  kind = { { 0, "j", 0 } }
}
{
  event = "msg_showcmd",
  kind = {}
}
{
  event = "msg_showcmd",
  kind = { { 0, "zz", 0 } }
}
{
  event = "msg_showcmd",
  kind = {}
}
{
  event = "msg_showcmd",
  kind = { { 0, "zz", 0 } }
}
{
  event = "msg_showcmd",
  kind = {}
}
{
  event = "msg_showcmd",
  kind = { { 0, "zz", 0 } }
}
{
  event = "msg_showcmd",
  kind = {}
}
{
  event = "msg_showcmd",
  kind = { { 0, "w", 0 } }
}
{
  event = "msg_showcmd",
  kind = {}
}
{
  event = "msg_showcmd",
  kind = { { 0, "w", 0 } }
}
{
  event = "msg_showcmd",
  kind = {}
}
{
  event = "msg_showcmd",
  kind = { { 0, "k", 0 } }
}
{
  event = "msg_showcmd",
  kind = {}
}
{
  event = "msg_showcmd",
  kind = { { 0, "b", 0 } }
}
{
  event = "msg_showcmd",
  kind = {}
}
{
  event = "msg_showcmd",
  kind = { { 0, "b", 0 } }
}
{
  event = "msg_showcmd",
  kind = {}
}
{
  event = "msg_showcmd",
  kind = { { 0, "b", 0 } }
}
{
  event = "msg_showcmd",
  kind = {}
}
{
  event = "msg_showcmd",
  kind = { { 0, "w", 0 } }
}
{
  event = "msg_showcmd",
  kind = {}
}
{
  event = "msg_showcmd",
  kind = { { 0, "w", 0 } }
}
{
  event = "msg_showcmd",
  kind = {}
}
{
  event = "msg_showcmd",
  kind = { { 0, "w", 0 } }
}
{
  event = "msg_showcmd",
  kind = {}
}
{
  event = "msg_showcmd",
  kind = { { 0, "b", 0 } }
}
{
  event = "msg_showcmd",
  kind = {}
}
{
  event = "msg_showcmd",
  kind = { { 0, "b", 0 } }
}
{
  event = "msg_showcmd",
  kind = {}
}
{
  event = "msg_showcmd",
  kind = { { 0, "b", 0 } }
}
{
  event = "msg_showcmd",
  kind = {}
}
{
  event = "msg_showcmd",
  kind = { { 0, "k", 0 } }
}
{
  event = "msg_showcmd",
  kind = {}
}
{
  event = "msg_showcmd",
  kind = { { 0, "k", 0 } }
}
{
  event = "msg_showcmd",
  kind = {}
}
{
  event = "msg_showcmd",
  kind = { { 0, "w", 0 } }
}
{
  event = "msg_showcmd",
  kind = {}
}
{
  event = "msg_showcmd",
  kind = { { 0, "w", 0 } }
}
{
  event = "msg_showcmd",
  kind = {}
}
{
  event = "msg_showcmd",
  kind = { { 0, "w", 0 } }
}
{
  event = "msg_showcmd",
  kind = {}
}
{
  event = "msg_showcmd",
  kind = { { 0, "b", 0 } }
}
{
  event = "msg_showcmd",
  kind = {}
}
{
  event = "msg_showcmd",
  kind = { { 0, "b", 0 } }
}
{
  event = "msg_showcmd",
  kind = {}
}
{
  event = "msg_showcmd",
  kind = { { 0, "b", 0 } }
}
{
  event = "msg_showcmd",
  kind = {}
}
{
  event = "msg_showcmd",
  kind = { { 0, "w", 0 } }
}
{
  event = "msg_showcmd",
  kind = {}
}
{
  event = "msg_showcmd",
  kind = { { 0, "w", 0 } }
}
{
  event = "msg_showcmd",
  kind = {}
}
{
  event = "msg_showcmd",
  kind = { { 0, "w", 0 } }
}
{
  event = "msg_showcmd",
  kind = {}
}
{
  event = "msg_showcmd",
  kind = { { 0, "b", 0 } }
}
{
  event = "msg_showcmd",
  kind = {}
}
{
  event = "msg_showcmd",
  kind = { { 0, "b", 0 } }
}
{
  event = "msg_showcmd",
  kind = {}
}
{
  event = "msg_showcmd",
  kind = { { 0, "j", 0 } }
}
{
  event = "msg_showcmd",
  kind = {}
}
{
  event = "msg_showcmd",
  kind = { { 0, "V", 0 } }
}
{
  event = "msg_showcmd",
  kind = { { 0, "1", 0 } }
}
{
  event = "msg_showcmd",
  kind = { { 0, "j", 0 } }
}
{
  event = "msg_showcmd",
  kind = { { 0, "2", 0 } }
}
{
  event = "msg_showcmd",
  kind = { { 0, "j", 0 } }
}
{
  event = "msg_showcmd",
  kind = { { 0, "3", 0 } }
}
{
  event = "msg_showcmd",
  kind = { { 0, "j", 0 } }
}
{
  event = "msg_showcmd",
  kind = { { 0, "4", 0 } }
}
{
  event = "msg_showcmd",
  kind = { { 0, "j", 0 } }
}
{
  event = "msg_showcmd",
  kind = { { 0, "5", 0 } }
}
{
  event = "msg_showcmd",
  kind = {}
}
{
  event = "msg_showcmd",
  kind = { { 0, "k", 0 } }
}
{
  event = "msg_showcmd",
  kind = {}
}
{
  event = "msg_showcmd",
  kind = { { 0, "k", 0 } }
}
{
  event = "msg_showcmd",
  kind = {}
}
{
  event = "msg_showcmd",
  kind = { { 0, "k", 0 } }
}
{
  event = "msg_showcmd",
  kind = {}
}
{
  event = "msg_showcmd",
  kind = { { 0, "k", 0 } }
}
{
  event = "msg_showcmd",
  kind = {}
}
{
  event = "msg_showcmd",
  kind = { { 0, "k", 0 } }
}
{
  event = "msg_showcmd",
  kind = {}
}
{
  event = "msg_showcmd",
  kind = { { 0, "j", 0 } }
}
{
  event = "msg_showcmd",
  kind = {}
}
{
  event = "msg_showcmd",
  kind = { { 0, "V", 0 } }
}
{
  event = "msg_showcmd",
  kind = { { 0, "1", 0 } }
}
{
  event = "msg_showcmd",
  kind = { { 0, "j", 0 } }
}
{
  event = "msg_showcmd",
  kind = { { 0, "2", 0 } }
}
{
  event = "msg_showcmd",
  kind = { { 0, "j", 0 } }
}
{
  event = "msg_showcmd",
  kind = { { 0, "3", 0 } }
}
{
  event = "msg_showcmd",
  kind = { { 0, "j", 0 } }
}
{
  event = "msg_showcmd",
  kind = { { 0, "4", 0 } }
}
{
  event = "msg_showcmd",
  kind = { { 0, "j", 0 } }
}
{
  event = "msg_showcmd",
  kind = { { 0, "5", 0 } }
}
{
  event = "msg_showcmd",
  kind = {}
}
{
  event = "msg_showcmd",
  kind = { { 0, "j", 0 } }
}
{
  event = "msg_showcmd",
  kind = {}
}
{
  event = "msg_showcmd",
  kind = { { 0, "j", 0 } }
}
{
  event = "msg_showcmd",
  kind = {}
}
{
  event = "msg_showcmd",
  kind = { { 0, "j", 0 } }
}
{
  event = "msg_showcmd",
  kind = {}
}
{
  event = "msg_showcmd",
  kind = { { 0, "k", 0 } }
}
{
  event = "msg_showcmd",
  kind = {}
}
{
  event = "msg_showcmd",
  kind = { { 0, "k", 0 } }
}
{
  event = "msg_showcmd",
  kind = {}
}
{
  event = "msg_showcmd",
  kind = { { 0, "k", 0 } }
}
{
  event = "msg_showcmd",
  kind = {}
}
{
  event = "msg_showcmd",
  kind = { { 0, "k", 0 } }
}
{
  event = "msg_showcmd",
  kind = {}
}
{
  event = "msg_showcmd",
  kind = { { 0, "k", 0 } }
}
{
  event = "msg_showcmd",
  kind = {}
}
{
  event = "msg_showcmd",
  kind = { { 0, "k", 0 } }
}
{
  event = "msg_showcmd",
  kind = {}
}
{
  event = "msg_showcmd",
  kind = { { 0, "k", 0 } }
}
{
  event = "msg_showcmd",
  kind = {}
}
{
  event = "msg_showcmd",
  kind = { { 0, "k", 0 } }
}
{
  event = "msg_showcmd",
  kind = {}
}
{
  event = "msg_showcmd",
  kind = { { 0, "k", 0 } }
}
{
  event = "msg_showcmd",
  kind = {}
}
{
  event = "msg_showcmd",
  kind = { { 0, "V", 0 } }
}
{
  event = "msg_showcmd",
  kind = { { 0, "1", 0 } }
}
{
  event = "msg_showcmd",
  kind = {}
}
{
  event = "msg_showcmd",
  kind = { { 0, "j", 0 } }
}
{
  event = "msg_showcmd",
  kind = {}
}
{
  event = "msg_showcmd",
  kind = { { 0, "j", 0 } }
}
{
  event = "msg_showcmd",
  kind = {}
}
{
  event = "msg_showcmd",
  kind = { { 0, "j", 0 } }
}
{
  event = "msg_showcmd",
  kind = {}
}
{
  event = "msg_showcmd",
  kind = { { 0, "k", 0 } }
}
{
  event = "msg_showcmd",
  kind = {}
}
{
  event = "msg_showcmd",
  kind = { { 0, "k", 0 } }
}
{
  event = "msg_showcmd",
  kind = {}
}
{
  event = "msg_showcmd",
  kind = { { 0, "w", 0 } }
}
{
  event = "msg_showcmd",
  kind = {}
}
{
  event = "msg_showcmd",
  kind = { { 0, "w", 0 } }
}
{
  event = "msg_showcmd",
  kind = {}
}
{
  event = "msg_showcmd",
  kind = { { 0, "w", 0 } }
}
{
  event = "msg_showcmd",
  kind = {}
}
{
  event = "msg_showcmd",
  kind = { { 0, "b", 0 } }
}
{
  event = "msg_showcmd",
  kind = {}
}
{
  event = "msg_showcmd",
  kind = { { 0, "b", 0 } }
}
{
  event = "msg_showcmd",
  kind = {}
}
{
  event = "msg_showcmd",
  kind = { { 0, "w", 0 } }
}
{
  event = "msg_showcmd",
  kind = {}
}
{
  event = "msg_showcmd",
  kind = { { 0, "w", 0 } }
}
{
  event = "msg_showcmd",
  kind = {}
}
{
  event = "msg_showcmd",
  kind = { { 0, "w", 0 } }
}
{
  event = "msg_showcmd",
  kind = {}
}
{
  event = "msg_showcmd",
  kind = { { 0, "w", 0 } }
}
{
  event = "msg_showcmd",
  kind = {}
}
{
  event = "msg_showcmd",
  kind = { { 0, "b", 0 } }
}
{
  event = "msg_showcmd",
  kind = {}
}
{
  event = "msg_showcmd",
  kind = { { 0, "b", 0 } }
}
{
  event = "msg_showcmd",
  kind = {}
}
{
  event = "msg_showcmd",
  kind = { { 0, "b", 0 } }
}
{
  event = "msg_showcmd",
  kind = {}
}
{
  event = "msg_showcmd",
  kind = { { 0, "w", 0 } }
}
{
  event = "msg_showcmd",
  kind = {}
}
{
  event = "msg_showcmd",
  kind = { { 0, "w", 0 } }
}
{
  event = "msg_showcmd",
  kind = {}
}
{
  event = "msg_showcmd",
  kind = { { 0, "w", 0 } }
}
{
  event = "msg_showcmd",
  kind = {}
}
{
  event = "msg_showcmd",
  kind = { { 0, "w", 0 } }
}
{
  event = "msg_showcmd",
  kind = {}
}
{
  event = "msg_showcmd",
  kind = { { 0, "b", 0 } }
}
{
  event = "msg_showcmd",
  kind = {}
}
{
  event = "msg_showcmd",
  kind = { { 0, "b", 0 } }
}
{
  event = "msg_showcmd",
  kind = {}
}
{
  event = "msg_showcmd",
  kind = { { 0, "b", 0 } }
}
{
  event = "msg_showcmd",
  kind = {}
}
{
  event = "msg_showcmd",
  kind = { { 0, "b", 0 } }
}
{
  event = "msg_showcmd",
  kind = {}
}
{
  event = "msg_showcmd",
  kind = { { 0, "k", 0 } }
}
{
  event = "msg_showcmd",
  kind = {}
}
{
  event = "msg_showcmd",
  kind = { { 0, "V", 0 } }
}
{
  event = "msg_showcmd",
  kind = { { 0, "1", 0 } }
}
{
  event = "msg_showcmd",
  kind = { { 0, "^D", 0 } }
}
{
  event = "msg_showcmd",
  kind = { { 0, "15", 0 } }
}
{
  event = "msg_showcmd",
  kind = { { 0, "^D", 0 } }
}
{
  event = "msg_showcmd",
  kind = { { 0, "29", 0 } }
}
{
  event = "msg_showcmd",
  kind = { { 0, "^D", 0 } }
}
{
  event = "msg_showcmd",
  kind = { { 0, "43", 0 } }
}
{
  event = "msg_showcmd",
  kind = { { 0, "^D", 0 } }
}
{
  event = "msg_showcmd",
  kind = { { 0, "57", 0 } }
}
{
  event = "msg_showcmd",
  kind = { { 0, "^D", 0 } }
}
{
  event = "msg_showcmd",
  kind = { { 0, "71", 0 } }
}
{
  event = "msg_showcmd",
  kind = { { 0, "^D", 0 } }
}
{
  event = "msg_showcmd",
  kind = { { 0, "85", 0 } }
}
{
  event = "msg_showcmd",
  kind = { { 0, "j", 0 } }
}
{
  event = "msg_showcmd",
  kind = { { 0, "86", 0 } }
}
{
  event = "msg_showcmd",
  kind = { { 0, "d", 0 } }
}
{
  event = "msg_showcmd",
  kind = {}
}
{
  event = "msg_showmode",
  kind = { { 111, "recording @j", 11 } }
}
{
  event = "msg_showcmd",
  kind = { { 0, "k", 0 } }
}
{
  event = "msg_showcmd",
  kind = {}
}
{
  event = "msg_showcmd",
  kind = { { 0, "k", 0 } }
}
{
  event = "msg_showcmd",
  kind = {}
}
{
  event = "msg_showcmd",
  kind = { { 0, "j", 0 } }
}
{
  event = "msg_showcmd",
  kind = {}
}
{
  event = "msg_showcmd",
  kind = { { 0, "j", 0 } }
}
{
  event = "msg_showcmd",
  kind = {}
}
{
  event = "msg_showcmd",
  kind = { { 0, "V", 0 } }
}
{
  event = "msg_showcmd",
  kind = { { 0, "1", 0 } }
}
{
  event = "msg_showmode",
  kind = { { 111, "recording @j", 11 } }
}
{
  event = "msg_showcmd",
  kind = { { 0, "1", 0 } }
}
{
  event = "msg_showcmd",
  kind = { { 0, "d", 0 } }
}
{
  event = "msg_showcmd",
  kind = {}
}
{
  event = "msg_clear"
}
{
  event = "msg_showmode",
  kind = { { 111, "recording @j", 11 } }
}
{ { { 0, '"lua/abdalrahman/plugins/lsp/lspconfig.lua" 180L, 5302B written', 0 } }, false, false,
  event = "msg_show",
  kind = ""
}
{
  event = "msg_showmode",
  kind = { { 111, "recording @j", 11 } }
}
{
  event = "msg_showmode",
  kind = { { 111, "recording @j", 11 } }
}
{
  event = "msg_showmode",
  kind = { { 111, "recording @j", 11 } }
}
{
  event = "msg_showcmd",
  kind = { { 0, "k", 0 } }
}
{
  event = "msg_showcmd",
  kind = {}
}
{
  event = "msg_showcmd",
  kind = { { 0, "k", 0 } }
}
{
  event = "msg_showcmd",
  kind = {}
}
{
  event = "msg_showcmd",
  kind = { { 0, ":", 0 } }
}
{
  event = "msg_clear"
}
{ 0, ":", "", 0, 1, 0,
  event = "cmdline_show",
  kind = { { 0, "" } }
}
{
  event = "msg_showmode",
  kind = { { 111, "recording @j", 11 } }
}
{
  event = "msg_showmode",
  kind = { { 111, "recording @j", 11 } }
}
{
  event = "msg_showmode",
  kind = { { 111, "recording @j", 11 } }
}
{
  event = "msg_showmode",
  kind = { { 111, "recording @j", 11 } }
}
{ 1, ":", "", 0, 1, 0,
  event = "cmdline_show",
  kind = { { 0, "w" } }
}
{
  event = "msg_showmode",
  kind = { { 111, "recording @j", 11 } }
}
{ false,
  event = "cmdline_hide",
  kind = 1
}
{
  event = "msg_showmode",
  kind = { { 111, "recording @j", 11 } }
}
{ { { 0, '"lua/abdalrahman/plugins/lsp/lspconfig.lua" ', 0 } }, false, false,
  event = "msg_show",
  kind = "bufwrite"
}
{ { { 0, '"lua/abdalrahman/plugins/lsp/lspconfig.lua" 92L, 3307B written', 0 } }, true, true,
  event = "msg_show",
  kind = "bufwrite"
}
{
  event = "msg_showcmd",
  kind = {}
}
{
  event = "msg_showcmd",
  kind = { { 0, "k", 0 } }
}
{
  event = "msg_showcmd",
  kind = {}
}
{
  event = "msg_showcmd",
  kind = { { 0, "k", 0 } }
}
{
  event = "msg_showcmd",
  kind = {}
}
{
  event = "msg_showcmd",
  kind = { { 0, "k", 0 } }
}
{
  event = "msg_showcmd",
  kind = {}
}
{
  event = "msg_showcmd",
  kind = { { 0, "k", 0 } }
}
{
  event = "msg_showcmd",
  kind = {}
}
{
  event = "msg_showcmd",
  kind = { { 0, "j", 0 } }
}
{
  event = "msg_showcmd",
  kind = {}
}
{
  event = "msg_showcmd",
  kind = { { 0, "j", 0 } }
}
{
  event = "msg_showcmd",
  kind = {}
}
{
  event = "msg_showcmd",
  kind = { { 0, "j", 0 } }
}
{
  event = "msg_showcmd",
  kind = {}
}
{
  event = "msg_showcmd",
  kind = { { 0, "j", 0 } }
}
{
  event = "msg_showcmd",
  kind = {}
}
{
  event = "msg_showcmd",
  kind = { { 0, ":", 0 } }
}
{
  event = "msg_clear"
}
{ 0, ":", "", 0, 1, 0,
  event = "cmdline_show",
  kind = { { 0, "" } }
}
{
  event = "msg_showmode",
  kind = { { 111, "recording @j", 11 } }
}
{
  event = "msg_showmode",
  kind = { { 111, "recording @j", 11 } }
}
{
  event = "msg_showmode",
  kind = { { 111, "recording @j", 11 } }
}
{
  event = "msg_showmode",
  kind = { { 111, "recording @j", 11 } }
}
{ 1, ":", "", 0, 1, 0,
  event = "cmdline_show",
  kind = { { 0, "w" } }
}
{
  event = "msg_showmode",
  kind = { { 111, "recording @j", 11 } }
}
{ false,
  event = "cmdline_hide",
  kind = 1
}
{ { { 0, '"lua/abdalrahman/plugins/lsp/lspconfig.lua" ', 0 } }, false, false,
  event = "msg_show",
  kind = "bufwrite"
}
{ { { 0, '"lua/abdalrahman/plugins/lsp/lspconfig.lua" 92L, 3307B written', 0 } }, true, true,
  event = "msg_show",
  kind = "bufwrite"
}
{
  event = "msg_showcmd",
  kind = {}
}
{
  event = "msg_showcmd",
  kind = { { 0, ":", 0 } }
}
{
  event = "msg_clear"
}
{ 0, ":", "", 0, 1, 0,
  event = "cmdline_show",
  kind = { { 0, "" } }
}
{
  event = "msg_showmode",
  kind = { { 111, "recording @j", 11 } }
}
{
  event = "msg_showmode",
  kind = { { 111, "recording @j", 11 } }
}
{
  event = "msg_showmode",
  kind = { { 111, "recording @j", 11 } }
}
{
  event = "msg_showmode",
  kind = { { 111, "recording @j", 11 } }
}
{ 1, ":", "", 0, 1, 0,
  event = "cmdline_show",
  kind = { { 0, "w" } }
}
{
  event = "msg_showmode",
  kind = { { 111, "recording @j", 11 } }
}
{ false,
  event = "cmdline_hide",
  kind = 1
}
{ { { 0, '"lua/abdalrahman/plugins/lsp/lspconfig.lua" ', 0 } }, false, false,
  event = "msg_show",
  kind = "bufwrite"
}
{ { { 0, '"lua/abdalrahman/plugins/lsp/lspconfig.lua" 92L, 3307B written', 0 } }, true, true,
  event = "msg_show",
  kind = "bufwrite"
}
{
  event = "msg_showcmd",
  kind = {}
}
{
  event = "msg_showcmd",
  kind = { { 0, ":", 0 } }
}
{
  event = "msg_clear"
}
{ 0, ":", "", 0, 1, 0,
  event = "cmdline_show",
  kind = { { 0, "" } }
}
{
  event = "msg_showmode",
  kind = { { 111, "recording @j", 11 } }
}
{
  event = "msg_showmode",
  kind = { { 111, "recording @j", 11 } }
}
{
  event = "msg_showmode",
  kind = { { 111, "recording @j", 11 } }
}
{
  event = "msg_showmode",
  kind = { { 111, "recording @j", 11 } }
}
{ 1, ":", "", 0, 1, 0,
  event = "cmdline_show",
  kind = { { 0, "w" } }
}
{
  event = "msg_showmode",
  kind = { { 111, "recording @j", 11 } }
}
{ false,
  event = "cmdline_hide",
  kind = 1
}
{ { { 0, '"lua/abdalrahman/plugins/lsp/lspconfig.lua" ', 0 } }, false, false,
  event = "msg_show",
  kind = "bufwrite"
}
{ { { 0, '"lua/abdalrahman/plugins/lsp/lspconfig.lua" 92L, 3307B written', 0 } }, true, true,
  event = "msg_show",
  kind = "bufwrite"
}
{
  event = "msg_showcmd",
  kind = {}
}
{
  event = "msg_showcmd",
  kind = { { 0, "k", 0 } }
}
{
  event = "msg_showcmd",
  kind = {}
}
{
  event = "msg_showcmd",
  kind = { { 0, "k", 0 } }
}
{
  event = "msg_showcmd",
  kind = {}
}
{
  event = "msg_showcmd",
  kind = { { 0, "k", 0 } }
}
{
  event = "msg_showcmd",
  kind = {}
}
{
  event = "msg_showcmd",
  kind = { { 0, "k", 0 } }
}
{
  event = "msg_showcmd",
  kind = {}
}
{
  event = "msg_showcmd",
  kind = { { 0, "k", 0 } }
}
{
  event = "msg_showcmd",
  kind = {}
}
{
  event = "msg_showcmd",
  kind = { { 0, "w", 0 } }
}
{
  event = "msg_showcmd",
  kind = {}
}
{
  event = "msg_showcmd",
  kind = { { 0, "w", 0 } }
}
{
  event = "msg_showcmd",
  kind = {}
}
{
  event = "msg_showcmd",
  kind = { { 0, "w", 0 } }
}
{
  event = "msg_showcmd",
  kind = {}
}
{
  event = "msg_showcmd",
  kind = { { 0, "w", 0 } }
}
{
  event = "msg_showcmd",
  kind = {}
}
{
  event = "msg_showcmd",
  kind = { { 0, "w", 0 } }
}
{
  event = "msg_showcmd",
  kind = {}
}
{
  event = "msg_showcmd",
  kind = { { 0, "w", 0 } }
}
{
  event = "msg_showcmd",
  kind = {}
}
{
  event = "msg_showcmd",
  kind = { { 0, "w", 0 } }
}
{
  event = "msg_showcmd",
  kind = {}
}
{
  event = "msg_showcmd",
  kind = { { 0, "w", 0 } }
}
{
  event = "msg_showcmd",
  kind = {}
}
{
  event = "msg_showcmd",
  kind = { { 0, "V", 0 } }
}
{
  event = "msg_showcmd",
  kind = { { 0, "1", 0 } }
}
{
  event = "msg_showcmd",
  kind = { { 0, "j", 0 } }
}
{
  event = "msg_showcmd",
  kind = { { 0, "2", 0 } }
}
{
  event = "msg_showcmd",
  kind = { { 0, "g", 0 } }
}
{
  event = "msg_showcmd",
  kind = {}
}
{
  event = "msg_showcmd",
  kind = { { 0, "g@", 0 } }
}
{
  event = "msg_showcmd",
  kind = {}
}
{
  event = "msg_showcmd",
  kind = { { 0, "k", 0 } }
}
{
  event = "msg_showcmd",
  kind = {}
}
{
  event = "msg_showcmd",
  kind = { { 0, "k", 0 } }
}
{
  event = "msg_showcmd",
  kind = {}
}
{
  event = "msg_showcmd",
  kind = { { 0, ":", 0 } }
}
{
  event = "msg_clear"
}
{ 0, ":", "", 0, 1, 0,
  event = "cmdline_show",
  kind = { { 0, "" } }
}
{
  event = "msg_showmode",
  kind = { { 111, "recording @j", 11 } }
}
{
  event = "msg_showmode",
  kind = { { 111, "recording @j", 11 } }
}
{
  event = "msg_showmode",
  kind = { { 111, "recording @j", 11 } }
}
{
  event = "msg_showmode",
  kind = { { 111, "recording @j", 11 } }
}
{ 1, ":", "", 0, 1, 0,
  event = "cmdline_show",
  kind = { { 0, "w" } }
}
{
  event = "msg_showmode",
  kind = { { 111, "recording @j", 11 } }
}
{ false,
  event = "cmdline_hide",
  kind = 1
}
{ { { 0, '"lua/abdalrahman/plugins/lsp/lspconfig.lua" ', 0 } }, false, false,
  event = "msg_show",
  kind = "bufwrite"
}
{ { { 0, '"lua/abdalrahman/plugins/lsp/lspconfig.lua" 92L, 3313B written', 0 } }, true, true,
  event = "msg_show",
  kind = "bufwrite"
}
{
  event = "msg_showcmd",
  kind = {}
}
{
  event = "msg_showcmd",
  kind = { { 0, "j", 0 } }
}
{
  event = "msg_showcmd",
  kind = {}
}
{
  event = "msg_showcmd",
  kind = { { 0, "j", 0 } }
}
{
  event = "msg_showcmd",
  kind = {}
}
{
  event = "msg_showcmd",
  kind = { { 0, "j", 0 } }
}
{
  event = "msg_showcmd",
  kind = {}
}
{
  event = "msg_showcmd",
  kind = { { 0, "k", 0 } }
}
{
  event = "msg_showcmd",
  kind = {}
}
{
  event = "msg_showcmd",
  kind = { { 0, "j", 0 } }
}
{
  event = "msg_showcmd",
  kind = {}
}
{
  event = "msg_showcmd",
  kind = { { 0, "j", 0 } }
}
{
  event = "msg_showcmd",
  kind = {}
}
{
  event = "msg_showcmd",
  kind = { { 0, "k", 0 } }
}
{
  event = "msg_showcmd",
  kind = {}
}
{
  event = "msg_showcmd",
  kind = { { 0, "k", 0 } }
}
{
  event = "msg_showcmd",
  kind = {}
}
{
  event = "msg_showcmd",
  kind = { { 0, "u", 0 } }
}
{ { { 0, "2 changes; before #145  11:03:34", 0 } }, true, true,
  event = "msg_show",
  kind = "undo"
}
{
  event = "msg_showcmd",
  kind = {}
}
{
  event = "msg_showcmd",
  kind = { { 0, "u", 0 } }
}
{ { { 0, "1 more line; before #144  11:03:23", 0 } }, true, true,
  event = "msg_show",
  kind = "undo"
}
{
  event = "msg_showcmd",
  kind = {}
}
{
  event = "msg_showcmd",
  kind = { { 0, "u", 0 } }
}
{ { { 0, "1 more line; before #143  11:03:22", 0 } }, true, true,
  event = "msg_show",
  kind = "undo"
}
{
  event = "msg_showcmd",
  kind = {}
}
{
  event = "msg_showcmd",
  kind = { { 0, "u", 0 } }
}
{ { { 0, "86 more lines; before #142  11:03:20", 0 } }, true, true,
  event = "msg_show",
  kind = "undo"
}
{
  event = "msg_showcmd",
  kind = {}
}
{ false,
  event = "cmdline_hide",
  kind = 1
}
{
  event = "msg_clear"
}
{
  event = "msg_showcmd",
  kind = { { 0, ":", 0 } }
}
{ 0, ":", "", 0, 1, 0,
  event = "cmdline_show",
  kind = { { 0, "" } }
}
{
  event = "msg_showmode",
  kind = { { 111, "recording @j", 11 } }
}
{
  event = "msg_showmode",
  kind = { { 111, "recording @j", 11 } }
}
{
  event = "msg_showmode",
  kind = { { 111, "recording @j", 11 } }
}
{
  event = "msg_showmode",
  kind = { { 111, "recording @j", 11 } }
}
{ 1, ":", "", 0, 1, 0,
  event = "cmdline_show",
  kind = { { 0, "q" } }
}
{
  event = "msg_showmode",
  kind = { { 111, "recording @j", 11 } }
}
{ false,
  event = "cmdline_hide",
  kind = 1
}
{
  event = "msg_showcmd",
  kind = {}
}
{
  event = "msg_showmode",
  kind = { { 111, "recording @j", 11 } }
}
{
  event = "msg_showcmd",
  kind = { { 0, "k", 0 } }
}
{
  event = "msg_showcmd",
  kind = {}
}
{
  event = "msg_showcmd",
  kind = { { 0, "k", 0 } }
}
{
  event = "msg_showcmd",
  kind = {}
}
{
  event = "msg_showcmd",
  kind = { { 0, "k", 0 } }
}
{
  event = "msg_showcmd",
  kind = {}
}
{
  event = "msg_showcmd",
  kind = { { 0, "k", 0 } }
}
{
  event = "msg_showcmd",
  kind = {}
}
{
  event = "msg_showcmd",
  kind = { { 0, "j", 0 } }
}
{
  event = "msg_showcmd",
  kind = {}
}
{
  event = "msg_showcmd",
  kind = { { 0, "j", 0 } }
}
{
  event = "msg_showcmd",
  kind = {}
}
{
  event = "msg_showcmd",
  kind = { { 0, "k", 0 } }
}
{
  event = "msg_showcmd",
  kind = {}
}
{
  event = "msg_showcmd",
  kind = { { 0, "k", 0 } }
}
{
  event = "msg_showcmd",
  kind = {}
}
{
  event = "msg_showcmd",
  kind = { { 0, "k", 0 } }
}
{
  event = "msg_showcmd",
  kind = {}
}
{
  event = "msg_showcmd",
  kind = { { 0, "k", 0 } }
}
{
  event = "msg_showcmd",
  kind = {}
}
{
  event = "msg_showcmd",
  kind = { { 0, "j", 0 } }
}
{
  event = "msg_showcmd",
  kind = {}
}
{
  event = "msg_showcmd",
  kind = { { 0, "j", 0 } }
}
{
  event = "msg_showcmd",
  kind = {}
}
{
  event = "msg_showcmd",
  kind = { { 0, "j", 0 } }
}
{
  event = "msg_showcmd",
  kind = {}
}
{
  event = "msg_showcmd",
  kind = { { 0, "j", 0 } }
}
{
  event = "msg_showcmd",
  kind = {}
}
{
  event = "msg_showcmd",
  kind = { { 0, "j", 0 } }
}
{
  event = "msg_showcmd",
  kind = {}
}
{
  event = "msg_showcmd",
  kind = { { 0, "j", 0 } }
}
{
  event = "msg_showcmd",
  kind = {}
}
{
  event = "msg_showcmd",
  kind = { { 0, "V", 0 } }
}
{
  event = "msg_showcmd",
  kind = { { 0, "1", 0 } }
}
{
  event = "msg_showcmd",
  kind = { { 0, "j", 0 } }
}
{
  event = "msg_showcmd",
  kind = { { 0, "2", 0 } }
}
{
  event = "msg_showcmd",
  kind = { { 0, "j", 0 } }
}
{
  event = "msg_showcmd",
  kind = { { 0, "3", 0 } }
}
{
  event = "msg_showcmd",
  kind = { { 0, "j", 0 } }
}
{
  event = "msg_showcmd",
  kind = { { 0, "4", 0 } }
}
{
  event = "msg_showcmd",
  kind = { { 0, "j", 0 } }
}
{
  event = "msg_showcmd",
  kind = { { 0, "5", 0 } }
}
{
  event = "msg_showcmd",
  kind = { { 0, "j", 0 } }
}
{
  event = "msg_showcmd",
  kind = { { 0, "6", 0 } }
}
{
  event = "msg_showcmd",
  kind = { { 0, "j", 0 } }
}
{
  event = "msg_showcmd",
  kind = { { 0, "7", 0 } }
}
{
  event = "msg_showcmd",
  kind = { { 0, "j", 0 } }
}
{
  event = "msg_showcmd",
  kind = { { 0, "8", 0 } }
}
{
  event = "msg_showcmd",
  kind = { { 0, "d", 0 } }
}
{ { { 0, "8 fewer lines", 0 } }, false, true,
  event = "msg_show",
  kind = ""
}
{
  event = "msg_showcmd",
  kind = {}
}
{
  event = "msg_showmode",
  kind = { { 111, "recording @j", 11 } }
}
{
  event = "msg_showmode",
  kind = { { 111, "recording @j", 11 } }
}
{
  event = "msg_showmode",
  kind = { { 111, "recording @j", 11 } }
}
{
  event = "msg_showcmd",
  kind = { { 0, "j", 0 } }
}
{
  event = "msg_showcmd",
  kind = {}
}
{
  event = "msg_showcmd",
  kind = { { 0, "j", 0 } }
}
{
  event = "msg_showcmd",
  kind = {}
}
{
  event = "msg_showcmd",
  kind = { { 0, "k", 0 } }
}
{
  event = "msg_showcmd",
  kind = {}
}
{
  event = "msg_showcmd",
  kind = { { 0, "k", 0 } }
}
{
  event = "msg_showcmd",
  kind = {}
}
{
  event = "msg_showcmd",
  kind = { { 0, "w", 0 } }
}
{
  event = "msg_showcmd",
  kind = {}
}
{
  event = "msg_showcmd",
  kind = { { 0, "w", 0 } }
}
{
  event = "msg_showcmd",
  kind = {}
}
{
  event = "msg_showcmd",
  kind = { { 0, "b", 0 } }
}
{
  event = "msg_showcmd",
  kind = {}
}
{
  event = "msg_showcmd",
  kind = { { 0, "d", 0 } }
}
{
  event = "msg_showcmd",
  kind = {}
}
{
  event = "msg_showcmd",
  kind = { { 0, "da", 0 } }
}
{
  event = "msg_showcmd",
  kind = { { 0, "da[", 0 } }
}
{
  event = "msg_showcmd",
  kind = {}
}
{
  event = "msg_showcmd",
  kind = { { 0, '"_x', 0 } }
}
{
  event = "msg_showcmd",
  kind = { { 0, '"_xdl', 0 } }
}
{
  event = "msg_showcmd",
  kind = {}
}
{
  event = "msg_showcmd",
  kind = { { 0, '"_x', 0 } }
}
{
  event = "msg_showcmd",
  kind = { { 0, '"_xdl', 0 } }
}
{
  event = "msg_showcmd",
  kind = {}
}
{
  event = "msg_showcmd",
  kind = { { 0, "V", 0 } }
}
{
  event = "msg_showcmd",
  kind = { { 0, "1", 0 } }
}
{
  event = "msg_showcmd",
  kind = { { 0, "^D", 0 } }
}
{
  event = "msg_showcmd",
  kind = { { 0, "19", 0 } }
}
{
  event = "msg_showcmd",
  kind = { { 0, "^D", 0 } }
}
{
  event = "msg_showcmd",
  kind = { { 0, "37", 0 } }
}
{
  event = "msg_showcmd",
  kind = { { 0, "j", 0 } }
}
{
  event = "msg_showcmd",
  kind = { { 0, "38", 0 } }
}
{
  event = "msg_showcmd",
  kind = { { 0, "d", 0 } }
}
{ { { 0, "38 fewer lines", 0 } }, true, true,
  event = "msg_show",
  kind = ""
}
{
  event = "msg_showcmd",
  kind = {}
}
{
  event = "msg_showmode",
  kind = { { 111, "recording @j", 11 } }
}
{
  event = "msg_showmode",
  kind = { { 111, "recording @j", 11 } }
}
{
  event = "msg_showmode",
  kind = { { 111, "recording @j", 11 } }
}
{
  event = "msg_showcmd",
  kind = { { 0, "k", 0 } }
}
{
  event = "msg_showcmd",
  kind = {}
}
{
  event = "msg_showcmd",
  kind = { { 0, "o", 0 } }
}
{
  event = "msg_showcmd",
  kind = {}
}
{
  event = "msg_showmode",
  kind = { { 111, "recording @j", 11 } }
}
{
  event = "msg_showcmd",
  kind = { { 0, "p", 0 } }
}
{ { { 0, "63 more lines", 0 } }, true, true,
  event = "msg_show",
  kind = ""
}
{
  event = "msg_showcmd",
  kind = {}
}
{
  event = "msg_showmode",
  kind = { { 111, "recording @j", 11 } }
}
{
  event = "msg_showmode",
  kind = { { 111, "recording @j", 11 } }
}
{
  event = "msg_showmode",
  kind = { { 111, "recording @j", 11 } }
}
{
  event = "msg_showcmd",
  kind = { { 0, ":", 0 } }
}
{
  event = "msg_clear"
}
{ 0, ":", "", 0, 1, 0,
  event = "cmdline_show",
  kind = { { 0, "" } }
}
{
  event = "msg_showmode",
  kind = { { 111, "recording @j", 11 } }
}
{
  event = "msg_showmode",
  kind = { { 111, "recording @j", 11 } }
}
{
  event = "msg_showmode",
  kind = { { 111, "recording @j", 11 } }
}
{
  event = "msg_showmode",
  kind = { { 111, "recording @j", 11 } }
}
{ 1, ":", "", 0, 1, 0,
  event = "cmdline_show",
  kind = { { 0, "w" } }
}
{
  event = "msg_showmode",
  kind = { { 111, "recording @j", 11 } }
}
{ false,
  event = "cmdline_hide",
  kind = 1
}
{ { { 0, '"lua/abdalrahman/plugins/lsp/lspconfig.lua" ', 0 } }, false, false,
  event = "msg_show",
  kind = "bufwrite"
}
{ { { 0, '"lua/abdalrahman/plugins/lsp/lspconfig.lua" 198L, 6267B written', 0 } }, true, true,
  event = "msg_show",
  kind = "bufwrite"
}
{
  event = "msg_showcmd",
  kind = {}
}
{
  event = "msg_showmode",
  kind = { { 111, "recording @j", 11 } }
}
{
  event = "msg_showmode",
  kind = { { 111, "recording @j", 11 } }
}
{
  event = "msg_showcmd",
  kind = { { 0, "j", 0 } }
}
{
  event = "msg_showcmd",
  kind = {}
}
{
  event = "msg_showcmd",
  kind = { { 0, "j", 0 } }
}
{
  event = "msg_showcmd",
  kind = {}
}
{
  event = "msg_showcmd",
  kind = { { 0, ":", 0 } }
}
{
  event = "msg_clear"
}
{ 0, ":", "", 0, 1, 0,
  event = "cmdline_show",
  kind = { { 0, "" } }
}
{
  event = "msg_showmode",
  kind = { { 111, "recording @j", 11 } }
}
{
  event = "msg_showmode",
  kind = { { 111, "recording @j", 11 } }
}
{
  event = "msg_showmode",
  kind = { { 111, "recording @j", 11 } }
}
{
  event = "msg_showmode",
  kind = { { 111, "recording @j", 11 } }
}
{ 1, ":", "", 0, 1, 0,
  event = "cmdline_show",
  kind = { { 0, "w" } }
}
{
  event = "msg_showmode",
  kind = { { 111, "recording @j", 11 } }
}
{ false,
  event = "cmdline_hide",
  kind = 1
}
{ { { 0, '"lua/abdalrahman/plugins/lsp/lspconfig.lua" ', 0 } }, false, false,
  event = "msg_show",
  kind = "bufwrite"
}
{ { { 0, '"lua/abdalrahman/plugins/lsp/lspconfig.lua" 198L, 6267B written', 0 } }, true, true,
  event = "msg_show",
  kind = "bufwrite"
}
{
  event = "msg_showcmd",
  kind = {}
}
{
  event = "msg_showmode",
  kind = { { 111, "recording @j", 11 } }
}
{
  event = "msg_showmode",
  kind = { { 111, "recording @j", 11 } }
}
{
  event = "msg_showcmd",
  kind = { { 0, "j", 0 } }
}
{
  event = "msg_showcmd",
  kind = {}
}
{
  event = "msg_showcmd",
  kind = { { 0, "j", 0 } }
}
{
  event = "msg_showcmd",
  kind = {}
}
{
  event = "msg_showcmd",
  kind = { { 0, "j", 0 } }
}
{
  event = "msg_showcmd",
  kind = {}
}
{
  event = "msg_showcmd",
  kind = { { 0, "zz", 0 } }
}
{
  event = "msg_showcmd",
  kind = {}
}
{
  event = "msg_showcmd",
  kind = { { 0, "k", 0 } }
}
{
  event = "msg_showcmd",
  kind = {}
}
{
  event = "msg_showcmd",
  kind = { { 0, "k", 0 } }
}
{
  event = "msg_showcmd",
  kind = {}
}
{
  event = "msg_showcmd",
  kind = { { 0, "k", 0 } }
}
{
  event = "msg_showcmd",
  kind = {}
}
{
  event = "msg_showcmd",
  kind = { { 0, "o", 0 } }
}
{
  event = "msg_showcmd",
  kind = {}
}
{
  event = "msg_showmode",
  kind = { { 111, "recording @j", 11 } }
}
{
  event = "msg_showcmd",
  kind = { { 0, "k", 0 } }
}
{
  event = "msg_showcmd",
  kind = {}
}
{
  event = "msg_showcmd",
  kind = { { 0, "j", 0 } }
}
{
  event = "msg_showcmd",
  kind = {}
}
{
  event = "msg_showcmd",
  kind = { { 0, "zz", 0 } }
}
{
  event = "msg_showcmd",
  kind = {}
}
{
  event = "msg_showcmd",
  kind = { { 0, "k", 0 } }
}
{
  event = "msg_showcmd",
  kind = {}
}
{
  event = "msg_showcmd",
  kind = { { 0, "k", 0 } }
}
{
  event = "msg_showcmd",
  kind = {}
}
{
  event = "msg_showcmd",
  kind = { { 0, "k", 0 } }
}
{
  event = "msg_showcmd",
  kind = {}
}
{
  event = "msg_showcmd",
  kind = { { 0, "j", 0 } }
}
{
  event = "msg_showcmd",
  kind = {}
}
{
  event = "msg_showcmd",
  kind = { { 0, "j", 0 } }
}
{
  event = "msg_showcmd",
  kind = {}
}
{
  event = "msg_showcmd",
  kind = { { 0, "k", 0 } }
}
{
  event = "msg_showcmd",
  kind = {}
}
{
  event = "msg_showcmd",
  kind = { { 0, "k", 0 } }
}
{
  event = "msg_showcmd",
  kind = {}
}
{
  event = "msg_showcmd",
  kind = { { 0, "k", 0 } }
}
{
  event = "msg_showcmd",
  kind = {}
}
{
  event = "msg_showcmd",
  kind = { { 0, "k", 0 } }
}
{
  event = "msg_showcmd",
  kind = {}
}
{
  event = "msg_showcmd",
  kind = { { 0, "k", 0 } }
}
{
  event = "msg_showcmd",
  kind = {}
}
{
  event = "msg_showcmd",
  kind = { { 0, ":", 0 } }
}
{
  event = "msg_clear"
}
{ 0, ":", "", 0, 1, 0,
  event = "cmdline_show",
  kind = { { 0, "" } }
}
{
  event = "msg_showmode",
  kind = { { 111, "recording @j", 11 } }
}
{
  event = "msg_showmode",
  kind = { { 111, "recording @j", 11 } }
}
{
  event = "msg_showmode",
  kind = { { 111, "recording @j", 11 } }
}
{
  event = "msg_showmode",
  kind = { { 111, "recording @j", 11 } }
}
{ 1, ":", "", 0, 1, 0,
  event = "cmdline_show",
  kind = { { 0, "w" } }
}
{
  event = "msg_showmode",
  kind = { { 111, "recording @j", 11 } }
}
{ false,
  event = "cmdline_hide",
  kind = 1
}
{ { { 0, '"lua/abdalrahman/plugins/lsp/lspconfig.lua" ', 0 } }, false, false,
  event = "msg_show",
  kind = "bufwrite"
}
{ { { 0, '"lua/abdalrahman/plugins/lsp/lspconfig.lua" 199L, 6268B written', 0 } }, true, true,
  event = "msg_show",
  kind = "bufwrite"
}
{
  event = "msg_showcmd",
  kind = {}
}
{
  event = "msg_showcmd",
  kind = { { 0, ":", 0 } }
}
{
  event = "msg_clear"
}
{ 0, ":", "", 0, 1, 0,
  event = "cmdline_show",
  kind = { { 0, "" } }
}
{
  event = "msg_showmode",
  kind = { { 111, "recording @j", 11 } }
}
{
  event = "msg_showmode",
  kind = { { 111, "recording @j", 11 } }
}
{
  event = "msg_showmode",
  kind = { { 111, "recording @j", 11 } }
}
{
  event = "msg_showmode",
  kind = { { 111, "recording @j", 11 } }
}
{ 1, ":", "", 0, 1, 0,
  event = "cmdline_show",
  kind = { { 0, "w" } }
}
{
  event = "msg_showmode",
  kind = { { 111, "recording @j", 11 } }
}
{ false,
  event = "cmdline_hide",
  kind = 1
}
{ { { 0, '"lua/abdalrahman/plugins/lsp/lspconfig.lua" ', 0 } }, false, false,
  event = "msg_show",
  kind = "bufwrite"
}
{ { { 0, '"lua/abdalrahman/plugins/lsp/lspconfig.lua" 199L, 6268B written', 0 } }, true, true,
  event = "msg_show",
  kind = "bufwrite"
}
{
  event = "msg_showcmd",
  kind = {}
}
{
  event = "msg_showcmd",
  kind = { { 0, "zz", 0 } }
}
{
  event = "msg_showcmd",
  kind = {}
}
{
  event = "msg_showcmd",
  kind = { { 0, "zz", 0 } }
}
{
  event = "msg_showcmd",
  kind = {}
}
{
  event = "msg_showcmd",
  kind = { { 0, "zz", 0 } }
}
{
  event = "msg_showcmd",
  kind = {}
}
{
  event = "msg_showcmd",
  kind = { { 0, "zz", 0 } }
}
{
  event = "msg_showcmd",
  kind = {}
}
{
  event = "msg_showcmd",
  kind = { { 0, "k", 0 } }
}
{
  event = "msg_showcmd",
  kind = {}
}
{
  event = "msg_showcmd",
  kind = { { 0, "k", 0 } }
}
{
  event = "msg_showcmd",
  kind = {}
}
{
  event = "msg_showcmd",
  kind = { { 0, "k", 0 } }
}
{
  event = "msg_showcmd",
  kind = {}
}
{
  event = "msg_showcmd",
  kind = { { 0, "k", 0 } }
}
{
  event = "msg_showcmd",
  kind = {}
}
{
  event = "msg_showcmd",
  kind = { { 0, "w", 0 } }
}
{
  event = "msg_showcmd",
  kind = {}
}
{
  event = "msg_showcmd",
  kind = { { 0, "w", 0 } }
}
{
  event = "msg_showcmd",
  kind = {}
}
{
  event = "msg_showcmd",
  kind = { { 0, "w", 0 } }
}
{
  event = "msg_showcmd",
  kind = {}
}
{
  event = "msg_showcmd",
  kind = { { 0, "b", 0 } }
}
{
  event = "msg_showcmd",
  kind = {}
}
{
  event = "msg_showcmd",
  kind = { { 0, "b", 0 } }
}
{
  event = "msg_showcmd",
  kind = {}
}
{
  event = "msg_showcmd",
  kind = { { 0, "V", 0 } }
}
{
  event = "msg_showcmd",
  kind = { { 0, "1", 0 } }
}
{
  event = "msg_showcmd",
  kind = { { 0, "d", 0 } }
}
{
  event = "msg_showcmd",
  kind = {}
}
{
  event = "msg_showcmd",
  kind = { { 0, "k", 0 } }
}
{
  event = "msg_showcmd",
  kind = {}
}
{
  event = "msg_showcmd",
  kind = { { 0, "o", 0 } }
}
{
  event = "msg_showcmd",
  kind = {}
}
{
  event = "msg_showmode",
  kind = { { 111, "recording @j", 11 } }
}
{
  event = "msg_showmode",
  kind = { { 111, "recording @j", 11 } }
}
{
  event = "msg_showmode",
  kind = { { 111, "recording @j", 11 } }
}
{
  event = "msg_showcmd",
  kind = { { 0, "j", 0 } }
}
{
  event = "msg_showcmd",
  kind = {}
}
{
  event = "msg_showcmd",
  kind = { { 0, "j", 0 } }
}
{
  event = "msg_showcmd",
  kind = {}
}
{
  event = "msg_showcmd",
  kind = { { 0, "V", 0 } }
}
{
  event = "msg_showcmd",
  kind = { { 0, "1", 0 } }
}
{
  event = "msg_showcmd",
  kind = {}
}
{
  event = "msg_clear"
}
{
  event = "msg_showmode",
  kind = { { 111, "recording @j", 11 } }
}
{
  event = "msg_showcmd",
  kind = { { 0, "k", 0 } }
}
{
  event = "msg_showcmd",
  kind = {}
}
{
  event = "msg_showcmd",
  kind = { { 0, "k", 0 } }
}
{
  event = "msg_showcmd",
  kind = {}
}
{
  event = "msg_showcmd",
  kind = { { 0, "j", 0 } }
}
{
  event = "msg_showcmd",
  kind = {}
}
{
  event = "msg_showcmd",
  kind = { { 0, "V", 0 } }
}
{
  event = "msg_showcmd",
  kind = { { 0, "1", 0 } }
}
{
  event = "msg_showcmd",
  kind = { { 0, "k", 0 } }
}
{
  event = "msg_showcmd",
  kind = { { 0, "2", 0 } }
}
{
  event = "msg_showcmd",
  kind = { { 0, "k", 0 } }
}
{
  event = "msg_showcmd",
  kind = { { 0, "3", 0 } }
}
{
  event = "msg_showcmd",
  kind = { { 0, "d", 0 } }
}
{ { { 0, "3 fewer lines", 0 } }, false, true,
  event = "msg_show",
  kind = ""
}
{
  event = "msg_showcmd",
  kind = {}
}
{
  event = "msg_showmode",
  kind = { { 111, "recording @j", 11 } }
}
{
  event = "msg_showmode",
  kind = { { 111, "recording @j", 11 } }
}
{
  event = "msg_showmode",
  kind = { { 111, "recording @j", 11 } }
}
{
  event = "msg_showcmd",
  kind = { { 0, "k", 0 } }
}
{
  event = "msg_showcmd",
  kind = {}
}
{
  event = "msg_showcmd",
  kind = { { 0, "w", 0 } }
}
{
  event = "msg_showcmd",
  kind = {}
}
{
  event = "msg_showcmd",
  kind = { { 0, "d", 0 } }
}
{
  event = "msg_showcmd",
  kind = {}
}
{
  event = "msg_showcmd",
  kind = { { 0, "dt", 0 } }
}
{
  event = "msg_showcmd",
  kind = { { 0, "dt.", 0 } }
}
{
  event = "msg_showcmd",
  kind = {}
}
{
  event = "msg_showcmd",
  kind = { { 0, "i", 0 } }
}
{
  event = "msg_showcmd",
  kind = {}
}
{
  event = "msg_showmode",
  kind = { { 111, "recording @j", 11 } }
}
{
  event = "msg_showcmd",
  kind = { { 0, "zz", 0 } }
}
{
  event = "msg_showcmd",
  kind = {}
}
{
  event = "msg_showcmd",
  kind = { { 0, "zz", 0 } }
}
{
  event = "msg_showcmd",
  kind = {}
}
{
  event = "msg_showcmd",
  kind = { { 0, "j", 0 } }
}
{
  event = "msg_showcmd",
  kind = {}
}
{
  event = "msg_showcmd",
  kind = { { 0, "j", 0 } }
}
{
  event = "msg_showcmd",
  kind = {}
}
{
  event = "msg_showcmd",
  kind = { { 0, "j", 0 } }
}
{
  event = "msg_showcmd",
  kind = {}
}
{
  event = "msg_showcmd",
  kind = { { 0, "k", 0 } }
}
{
  event = "msg_showcmd",
  kind = {}
}
{
  event = "msg_showcmd",
  kind = { { 0, "V", 0 } }
}
{
  event = "msg_showcmd",
  kind = { { 0, "1", 0 } }
}
{
  event = "msg_showcmd",
  kind = { { 0, "d", 0 } }
}
{
  event = "msg_showcmd",
  kind = {}
}
{
  event = "msg_clear"
}
{
  event = "msg_showmode",
  kind = { { 111, "recording @j", 11 } }
}
{
  event = "msg_showcmd",
  kind = { { 0, "k", 0 } }
}
{
  event = "msg_showcmd",
  kind = {}
}
{
  event = "msg_showcmd",
  kind = { { 0, "k", 0 } }
}
{
  event = "msg_showcmd",
  kind = {}
}
{
  event = "msg_showcmd",
  kind = { { 0, "j", 0 } }
}
{
  event = "msg_showcmd",
  kind = {}
}
{
  event = "msg_showcmd",
  kind = { { 0, "j", 0 } }
}
{
  event = "msg_showcmd",
  kind = {}
}
{
  event = "msg_showcmd",
  kind = { { 0, "zz", 0 } }
}
{
  event = "msg_showcmd",
  kind = {}
}
{
  event = "msg_showcmd",
  kind = { { 0, "zz", 0 } }
}
{
  event = "msg_showcmd",
  kind = {}
}
{
  event = "msg_showcmd",
  kind = { { 0, "zz", 0 } }
}
{
  event = "msg_showcmd",
  kind = {}
}
{
  event = "msg_showcmd",
  kind = { { 0, "zz", 0 } }
}
{
  event = "msg_showcmd",
  kind = {}
}
{
  event = "msg_showcmd",
  kind = { { 0, "zz", 0 } }
}
{
  event = "msg_showcmd",
  kind = {}
}
{
  event = "msg_showcmd",
  kind = { { 0, "j", 0 } }
}
{
  event = "msg_showcmd",
  kind = {}
}
{
  event = "msg_showcmd",
  kind = { { 0, "j", 0 } }
}
{
  event = "msg_showcmd",
  kind = {}
}
{
  event = "msg_showcmd",
  kind = { { 0, "j", 0 } }
}
{
  event = "msg_showcmd",
  kind = {}
}
{
  event = "msg_showcmd",
  kind = { { 0, "j", 0 } }
}
{
  event = "msg_showcmd",
  kind = {}
}
{
  event = "msg_showcmd",
  kind = { { 0, "j", 0 } }
}
{
  event = "msg_showcmd",
  kind = {}
}
{
  event = "msg_showcmd",
  kind = { { 0, "j", 0 } }
}
{
  event = "msg_showcmd",
  kind = {}
}
{
  event = "msg_showcmd",
  kind = { { 0, "j", 0 } }
}
{
  event = "msg_showcmd",
  kind = {}
}
{
  event = "msg_showcmd",
  kind = { { 0, "j", 0 } }
}
{
  event = "msg_showcmd",
  kind = {}
}
{
  event = "msg_showcmd",
  kind = { { 0, "j", 0 } }
}
{
  event = "msg_showcmd",
  kind = {}
}
{
  event = "msg_showcmd",
  kind = { { 0, "zz", 0 } }
}
{
  event = "msg_showcmd",
  kind = {}
}
{
  event = "msg_showcmd",
  kind = { { 0, "zz", 0 } }
}
{
  event = "msg_showcmd",
  kind = {}
}
{
  event = "msg_showcmd",
  kind = { { 0, "j", 0 } }
}
{
  event = "msg_showcmd",
  kind = {}
}
{
  event = "msg_showcmd",
  kind = { { 0, "j", 0 } }
}
{
  event = "msg_showcmd",
  kind = {}
}
{
  event = "msg_showcmd",
  kind = { { 0, "j", 0 } }
}
{
  event = "msg_showcmd",
  kind = {}
}
{
  event = "msg_showcmd",
  kind = { { 0, "j", 0 } }
}
{
  event = "msg_showcmd",
  kind = {}
}
{
  event = "msg_showcmd",
  kind = { { 0, "j", 0 } }
}
{
  event = "msg_showcmd",
  kind = {}
}
{
  event = "msg_showcmd",
  kind = { { 0, "j", 0 } }
}
{
  event = "msg_showcmd",
  kind = {}
}
{
  event = "msg_showcmd",
  kind = { { 0, "j", 0 } }
}
{
  event = "msg_showcmd",
  kind = {}
}
{
  event = "msg_showcmd",
  kind = { { 0, "j", 0 } }
}
{
  event = "msg_showcmd",
  kind = {}
}
{
  event = "msg_showcmd",
  kind = { { 0, "V", 0 } }
}
{
  event = "msg_showcmd",
  kind = { { 0, "1", 0 } }
}
{
  event = "msg_showcmd",
  kind = { { 0, "d", 0 } }
}
{
  event = "msg_showcmd",
  kind = {}
}
{
  event = "msg_showmode",
  kind = { { 111, "recording @j", 11 } }
}
{
  event = "msg_showcmd",
  kind = { { 0, "k", 0 } }
}
{
  event = "msg_showcmd",
  kind = {}
}
{
  event = "msg_showcmd",
  kind = { { 0, "k", 0 } }
}
{
  event = "msg_showcmd",
  kind = {}
}
{
  event = "msg_showcmd",
  kind = { { 0, "j", 0 } }
}
{
  event = "msg_showcmd",
  kind = {}
}
{
  event = "msg_showcmd",
  kind = { { 0, ":", 0 } }
}
{ 0, ":", "", 0, 1, 0,
  event = "cmdline_show",
  kind = { { 0, "" } }
}
{
  event = "msg_showmode",
  kind = { { 111, "recording @j", 11 } }
}
{
  event = "msg_showmode",
  kind = { { 111, "recording @j", 11 } }
}
{
  event = "msg_showmode",
  kind = { { 111, "recording @j", 11 } }
}
{
  event = "msg_showmode",
  kind = { { 111, "recording @j", 11 } }
}
{ 1, ":", "", 0, 1, 0,
  event = "cmdline_show",
  kind = { { 0, "w" } }
}
{
  event = "msg_showmode",
  kind = { { 111, "recording @j", 11 } }
}
{ false,
  event = "cmdline_hide",
  kind = 1
}
{ { { 0, '"lua/abdalrahman/plugins/lsp/lspconfig.lua" ', 0 } }, false, false,
  event = "msg_show",
  kind = "bufwrite"
}
{ { { 0, '"lua/abdalrahman/plugins/lsp/lspconfig.lua" 195L, 5439B written', 0 } }, true, true,
  event = "msg_show",
  kind = "bufwrite"
}
{
  event = "msg_showcmd",
  kind = {}
}
{
  event = "msg_showcmd",
  kind = { { 0, "zz", 0 } }
}
{
  event = "msg_showcmd",
  kind = {}
}
{
  event = "msg_showcmd",
  kind = { { 0, "zz", 0 } }
}
{
  event = "msg_showcmd",
  kind = {}
}
{
  event = "msg_showcmd",
  kind = { { 0, "zz", 0 } }
}
{
  event = "msg_showcmd",
  kind = {}
}
{
  event = "msg_showcmd",
  kind = { { 0, "zz", 0 } }
}
{
  event = "msg_showcmd",
  kind = {}
}
{
  event = "msg_showcmd",
  kind = { { 0, "zz", 0 } }
}
{
  event = "msg_showcmd",
  kind = {}
}
{
  event = "msg_showcmd",
  kind = { { 0, "zz", 0 } }
}
{
  event = "msg_showcmd",
  kind = {}
}
{
  event = "msg_showcmd",
  kind = { { 0, "zz", 0 } }
}
{
  event = "msg_showcmd",
  kind = {}
}
{
  event = "msg_showcmd",
  kind = { { 0, "zz", 0 } }
}
{
  event = "msg_showcmd",
  kind = {}
}
{
  event = "msg_showcmd",
  kind = { { 0, ":", 0 } }
}
{
  event = "msg_clear"
}
{ 0, ":", "", 0, 1, 0,
  event = "cmdline_show",
  kind = { { 0, "" } }
}
{
  event = "msg_showmode",
  kind = { { 111, "recording @j", 11 } }
}
{
  event = "msg_showmode",
  kind = { { 111, "recording @j", 11 } }
}
{
  event = "msg_showmode",
  kind = { { 111, "recording @j", 11 } }
}
{
  event = "msg_showmode",
  kind = { { 111, "recording @j", 11 } }
}
{ 1, ":", "", 0, 1, 0,
  event = "cmdline_show",
  kind = { { 0, "w" } }
}
{
  event = "msg_showmode",
  kind = { { 111, "recording @j", 11 } }
}
{ false,
  event = "cmdline_hide",
  kind = 1
}
{ { { 0, '"lua/abdalrahman/plugins/lsp/lspconfig.lua" ', 0 } }, false, false,
  event = "msg_show",
  kind = "bufwrite"
}
{ { { 0, '"lua/abdalrahman/plugins/lsp/lspconfig.lua" 195L, 5439B written', 0 } }, true, true,
  event = "msg_show",
  kind = "bufwrite"
}
{
  event = "msg_showcmd",
  kind = {}
}
{ false,
  event = "cmdline_hide",
  kind = 1
}
{
  event = "msg_clear"
}
{
  event = "msg_showcmd",
  kind = { { 0, "k", 0 } }
}
{
  event = "msg_showcmd",
  kind = {}
}
{
  event = "msg_showcmd",
  kind = { { 0, "k", 0 } }
}
{
  event = "msg_showcmd",
  kind = {}
}
{ false,
  event = "cmdline_hide",
  kind = 1
}
{
  event = "msg_showcmd",
  kind = { { 0, "<20>", 0 } }
}
{
  event = "msg_showcmd",
  kind = {}
}
{
  event = "msg_showcmd",
  kind = { { 0, "<20>", 0 } }
}
{
  event = "msg_showcmd",
  kind = { { 0, "<20>p", 0 } }
}
{
  event = "msg_showcmd",
  kind = {}
}
{
  event = "msg_showmode",
  kind = { { 111, "recording @j", 11 } }
}
{
  event = "msg_showmode",
  kind = { { 111, "recording @j", 11 } }
}
{
  event = "msg_showmode",
  kind = { { 111, "recording @j", 11 } }
}
{
  event = "msg_showmode",
  kind = { { 111, "recording @j", 11 } }
}
{
  event = "msg_ruler",
  kind = { { 75, "1,0-1         All", 61 } }
}
{
  event = "msg_showmode",
  kind = { { 111, "recording @j", 11 } }
}
{
  event = "msg_ruler",
  kind = { { 75, "1,1           All", 61 } }
}
{
  event = "msg_showmode",
  kind = { { 111, "recording @j", 11 } }
}
{
  event = "msg_ruler",
  kind = { { 75, "1,2           All", 61 } }
}
{
  event = "msg_showmode",
  kind = { { 111, "recording @j", 11 } }
}
{
  event = "msg_ruler",
  kind = { { 75, "1,2           All", 61 } }
}
{
  event = "msg_showmode",
  kind = { { 111, "recording @j", 11 } }
}
{
  event = "msg_ruler",
  kind = { { 75, "1,2           All", 61 } }
}
{
  event = "msg_showmode",
  kind = { { 111, "recording @j", 11 } }
}
{
  event = "msg_ruler",
  kind = { { 75, "1,3           All", 61 } }
}
{
  event = "msg_showmode",
  kind = { { 111, "recording @j", 11 } }
}
{
  event = "msg_ruler",
  kind = { { 75, "1,3           All", 61 } }
}
{
  event = "msg_showmode",
  kind = { { 111, "recording @j", 11 } }
}
{
  event = "msg_ruler",
  kind = { { 75, "1,3           All", 61 } }
}
{
  event = "msg_showmode",
  kind = { { 111, "recording @j", 11 } }
}
{
  event = "msg_ruler",
  kind = { { 75, "1,4           All", 61 } }
}
{
  event = "msg_showmode",
  kind = { { 111, "recording @j", 11 } }
}
{
  event = "msg_ruler",
  kind = { { 75, "1,4           All", 61 } }
}
{
  event = "msg_showmode",
  kind = { { 111, "recording @j", 11 } }
}
{
  event = "msg_ruler",
  kind = { { 75, "1,4           All", 61 } }
}
{
  event = "msg_showmode",
  kind = { { 111, "recording @j", 11 } }
}
{
  event = "msg_ruler",
  kind = { { 75, "1,5           All", 61 } }
}
{
  event = "msg_showmode",
  kind = { { 111, "recording @j", 11 } }
}
{
  event = "msg_ruler",
  kind = { { 75, "1,5           All", 61 } }
}
{
  event = "msg_showmode",
  kind = { { 111, "recording @j", 11 } }
}
{
  event = "msg_ruler",
  kind = { { 75, "1,5           All", 61 } }
}
{
  event = "msg_showmode",
  kind = { { 111, "recording @j", 11 } }
}
{
  event = "msg_ruler",
  kind = { { 75, "1,6           All", 61 } }
}
{
  event = "msg_showmode",
  kind = { { 111, "recording @j", 11 } }
}
{
  event = "msg_ruler",
  kind = { { 75, "1,6           All", 61 } }
}
{
  event = "msg_showmode",
  kind = { { 111, "recording @j", 11 } }
}
{
  event = "msg_ruler",
  kind = { { 75, "1,6           All", 61 } }
}
{
  event = "msg_showmode",
  kind = { { 111, "recording @j", 11 } }
}
{
  event = "msg_showmode",
  kind = { { 111, "recording @j", 11 } }
}
{
  event = "msg_ruler",
  kind = { { 75, "1,5-6         All", 61 } }
}
{
  event = "msg_showmode",
  kind = { { 111, "recording @j", 11 } }
}
{
  event = "msg_ruler",
  kind = { { 75, "1,5           All", 61 } }
}
{
  event = "msg_showcmd",
  kind = { { 0, "zz", 0 } }
}
{
  event = "msg_showcmd",
  kind = {}
}
{
  event = "msg_showcmd",
  kind = { { 0, "zz", 0 } }
}
{
  event = "msg_showcmd",
  kind = {}
}
{
  event = "msg_showcmd",
  kind = { { 0, ":", 0 } }
}
{ 0, ":", "", 0, 1, 0,
  event = "cmdline_show",
  kind = { { 0, "" } }
}
{
  event = "msg_showmode",
  kind = { { 111, "recording @j", 11 } }
}
{
  event = "msg_showmode",
  kind = { { 111, "recording @j", 11 } }
}
{
  event = "msg_showmode",
  kind = { { 111, "recording @j", 11 } }
}
{
  event = "msg_showmode",
  kind = { { 111, "recording @j", 11 } }
}
{ 1, ":", "", 0, 1, 0,
  event = "cmdline_show",
  kind = { { 0, "w" } }
}
{
  event = "msg_showmode",
  kind = { { 111, "recording @j", 11 } }
}
{ false,
  event = "cmdline_hide",
  kind = 1
}
{ { { 0, '"~/dotfiles/.config/nvim/lua/abdalrahman/plugins/lsp/mason.lua" ', 0 } }, false, false,
  event = "msg_show",
  kind = "bufwrite"
}
{ { { 0, '"~/dotfiles/.config/nvim/lua/abdalrahman/plugins/lsp/mason.lua" 49L, 917B written', 0 } }, true, true,
  event = "msg_show",
  kind = "bufwrite"
}
{
  event = "msg_showcmd",
  kind = {}
}
{
  event = "msg_showcmd",
  kind = { { 0, "^O", 0 } }
}
{
  event = "msg_showcmd",
  kind = {}
}
{
  event = "msg_showcmd",
  kind = { { 0, ":", 0 } }
}
{
  event = "msg_clear"
}
{ 0, ":", "", 0, 1, 0,
  event = "cmdline_show",
  kind = { { 0, "" } }
}
{
  event = "msg_showmode",
  kind = { { 111, "recording @j", 11 } }
}
{
  event = "msg_showmode",
  kind = { { 111, "recording @j", 11 } }
}
{
  event = "msg_showmode",
  kind = { { 111, "recording @j", 11 } }
}
{
  event = "msg_showmode",
  kind = { { 111, "recording @j", 11 } }
}
{ 1, ":", "", 0, 1, 0,
  event = "cmdline_show",
  kind = { { 0, "w" } }
}
{
  event = "msg_showmode",
  kind = { { 111, "recording @j", 11 } }
}
{ 2, ":", "", 0, 1, 0,
  event = "cmdline_show",
  kind = { { 0, "wq" } }
}
{
  event = "msg_showmode",
  kind = { { 111, "recording @j", 11 } }
}
{ 3, ":", "", 0, 1, 0,
  event = "cmdline_show",
  kind = { { 0, "wqa" } }
}
{
  event = "msg_showmode",
  kind = { { 111, "recording @j", 11 } }
}
{ false,
  event = "cmdline_hide",
  kind = 1
}
